TestName,TestActions,Disable,Input,Output,Timeout,Retries,AdditionalParameters,Commands,Condition,Notes
FA_RTOS,Common:checkUSBDisconnect,,,,,,"{""subsubtestname"":""Drop-Count"",""errorname"":""UART USB""}",,,
,Common:getFanStatus,,,,,,"{""subsubtestname"":""Get Fan Status"",""information"":""Fixture-IS FAN OK""}",,,
,Common:checkDutHang,,{didSOF},{Hang},,,"{""subsubtestname"":""SOC-checkHang-Hang Detect Count"",""HangType"":""RTOS"",""errorname"":""Hang Error Check""}",,,
FA_RBM,Common:checkUSBDisconnect,,,,,,"{""subsubtestname"":""Drop-Count"",""errorname"":""UART USB""}",,,
,Common:getFanStatus,,,,,,"{""subsubtestname"":""Get Fan Status"",""information"":""Fixture-IS FAN OK""}",,,
,Common:checkDutHang,,{didSOF},{Hang},,,"{""subsubtestname"":""SOC-checkHang-Hang Detect Count"",""HangType"":""RBM"",""errorname"":""Hang Error Check""}",,,
FA_ProcessControl,Common:checkUSBDisconnect,,,,,,"{""subsubtestname"":""FA for Process Control check USB_ProcessControl"",""errorname"":""UART USB""}",,,
,Common:finishCB,,,,,,"{""subsubtestname"":""FA for Finish Process Control"",""dutPluginName"":""dut""}",,,
,Common:enterEnv,,,,60,,"{""subsubtestname"": ""FA Enter Diags Finish""}",diags,,
,Common:sendCmd,,,,50,,"{""subsubtestname"": ""FA Shutdown Finish"",""shutdownDelimiter"":""Event off: Apfs""}",shutdown,,
FA_EnterENV,Common:EnterEnvFail,,,{Hang},,,"{""subsubtestname"":""SOC EnterEnv Fail""}",,,
,Common:checkUSBDisconnect,,,,,,"{""subsubtestname"":""Drop-Count"",""errorname"":""UART USB""}",,,
,Common:getFanStatus,,,,,,"{""subsubtestname"":""Get Fan Status"",""information"":""Fixture-IS FAN OK""}",,,