TestName,ParameterName,units,upperLimit,lowerLimit,relaxedUpperLimit,relaxedLowerLimit,Condition
VoltageCheck_Safety_VBAT0V8,Read_PPVBAT_Safety,mV,1000,600,,,
VoltageCheck_Safety_VBAT0V8,Safety_Trigger_Fault_Flag,,0,0,,,
VoltageCheck_Safety_VBAT0V8,IBAT_OCP_Fault_Flag,,0,0,,,
VoltageCheck_Safety_VBAT0V8,VBAT_UVP_Fault_Flag,,0,0,,,
VoltageCheck_Safety_VBAT0V8,PPVCCMAIN_UVP_Fault_Flag,,0,0,,,
VoltageCheck_Safety_VBAT0V8,VBAT_OVP_Fault_Flag,,0,0,,,
VoltageCheck_Safety_VBUS1V25,Read_PPVBUS_Safety,mV,1300,1000,,,
VoltageCheck_Safety_VBUS1V25,Safety_Trigger_Fault_Flag,,0,0,,,
VoltageCheck_Safety_VBUS1V25,VBUS_OCP_Fault_Flag,,0,0,,,
VoltageCheck_Safety_VBUS1V25,VBUS_UVP_Fault_Flag,,0,0,,,
VoltageCheck_Safety_VBUS1V25,VBUS_OVP_Fault_Flag,,0,0,,,
VoltageCheck_Safety_VBAT4V2,Read_PPVBAT_Safety,mV,4410,3700,,,
VoltageCheck_Safety_VBAT4V2,Read_IBAT_Safety,mA,4410,0,,,
VoltageCheck_Safety_VBAT4V2,Safety_Trigger_Fault_Flag,,0,0,,,
VoltageCheck_Safety_VBAT4V2,IBAT_OCP_Fault_Flag,,0,0,,,
VoltageCheck_Safety_VBAT4V2,VBAT_UVP_Fault_Flag,,0,0,,,
VoltageCheck_Safety_VBAT4V2,PPVCCMAIN_UVP_Fault_Flag,,0,0,,,
VoltageCheck_Safety_VBAT4V2,VBAT_OVP_Fault_Flag,,0,0,,,
RT_TEST,rtosTempLimit,°C,113,,,,
B-NOM,rbmTempLimit,°C,123,,,,
B-BBQ,rbmTempLimit,°C,123,,,,
B-PV1-PCORE,rbmTempLimit,°C,123,,,,
B-PGT,rbmTempLimit,°C,123,,,,
B-DVFM,rbmTempLimit,°C,123,,,,
B-NOM-UC,rbmTempLimit,°C,123,,,,
B-AMX,rbmTempLimit,°C,123,,,,
B-AMX-PV1,rbmTempLimit,°C,123,,,,
B-PHIGH,rbmTempLimit,°C,123,,,,
B-PHIGH-ANE,rbmTempLimit,°C,123,,,,
B-PHIGH-ALL,rbmTempLimit,°C,123,,,,
B-SRAM-VIRUS,rbmTempLimit,°C,123,,,,
B-PLVCC,rbmTempLimit,°C,123,,,,
B-DVFM-PGT,rbmTempLimit,°C,123,,,,
B-AMX-PV1-PCORE,rbmTempLimit,°C,123,,,,
B-ROW-HAMMER,rbmTempLimit,°C,123,,,,