TestName,Technology,Disable,Production,Audit,Thread,Policy,Loop,Sample,SOF,Condition,Notes
Fixture_SetUp,SOC,,Y,,,,,,,,
LED_INPROGRESS_ON,SOC,,Y,,,,,,,,
Initial,SOC,,Y,,,,,,,,
VoltageCheck_Safety_VBAT0V8,SOC,,Y,,,,,,Y,,
VoltageCheck_Safety_VBUS1V25,SOC,,Y,,,,,,Y,,
VoltageCheck_Safety_VBAT4V2,SOC,,Y,,,,,,Y,,
IBOOT_POWER_ON,SOC,,Y,,,,,,,,
Enter DIAGS,SOC,,Y,,,,,,,,
DIAGS_SN,SOC,,Y,,,,,,,,
startProcessControl,SOC,,Y,,,,,,Y,,
DIAGS_TEST,SOC,,Y,,,,,,,,
setLimitsVersion,SOC,,Y,,,,,,,,
Get_Fan_Speed,SOC,,Y,,,,,,,,
Set_Fan_Speed_100,SOC,,Y,,,,,,,,
Enter RTOS,SOC,,Y,,,,,,,,
Get rtos Version,SOC,,Y,,,,,,,,
RT_TEST,SOC,,Y,,,,,,,,
Get_Fan_Speed,SOC,,Y,,,,,,,,
Set_Fan_Speed_0,SOC,,Y,,,,,,,,
Enter RBM,SOC,,Y,,,,,,,,
Get rbm Version,SOC,,Y,,,,,,,,
B-NOM,SOC,,Y,,,,,,,,
Enter RBM,SOC,,Y,,,,,,,,
B-BBQ,SOC,,Y,,,,,,,,
Enter RBM,SOC,,Y,,,,,,,,
B-PV1-PCORE,SOC,,Y,,,,,,,,
Enter RBM,SOC,,Y,,,,,,,,
B-PGT,SOC,,Y,,,,,,,,
Enter RBM,SOC,,Y,,,,,,,,
B-DVFM,SOC,,Y,,,,,,,,
Enter RBM,SOC,,Y,,,,,,,,
B-NOM-UC,SOC,,Y,,,,,,,,
Enter RBM,SOC,,Y,,,,,,,,
B-AMX,SOC,,Y,,,,,,,,
Enter RBM,SOC,,Y,,,,,,,,
B-AMX-PV1,SOC,,Y,,,,,,,,
Enter RBM,SOC,,Y,,,,,,,,
B-PHIGH,SOC,,Y,,,,,,,,
Enter RBM,SOC,,Y,,,,,,,,
B-PHIGH-ANE,SOC,,Y,,,,,,,,
Enter RBM,SOC,,Y,,,,,,,,
B-PHIGH-ALL,SOC,,Y,,,,,,,,
Set_Fan_Speed_100,SOC,,Y,,,,,,,,
Enter RBM,SOC,,Y,,,,,,,,
B-ROW-HAMMER,SOC,,Y,,,,,,,,
Set_Fan_Speed_0,SOC,,Y,,,,,,,,
Enter RBM,SOC,,Y,,,,,,,,
B-SRAM-VIRUS,SOC,,Y,,,,,,,,
Enter RBM,SOC,,Y,,,,,,,,
B-PLVCC,SOC,,Y,,,,,,,,
Enter RBM,SOC,,Y,,,,,,,,
B-DVFM-PGT,SOC,,Y,,,,,,,,
Enter RBM,SOC,,Y,,,,,,,,
B-AMX-PV1-PCORE,SOC,,Y,,,,,,,,
finishProcessControl,SOC,,Y,,,,,,,,
POWER_OFF,SOC,,Y,,,,,,,,