rbm-nom -tout 300,,,,rbm-bbq -tout 300,,,,rbm-pv1-pcore -tout 300,,,,rbm-pgt-test -tout 300,,,,rbm-dvfm-soc-dcs -tout 300,,,,rbm-nom-uc -tout 300,,,,rbm-amx -tout 300,,,,rbm-amx-pv1 -tout 300,,,,rbm-phigh -tout 300,,,,rbm-phigh-ane -tout 300,,,,rbm-phigh-all -tout 300,,,,rbm-row-hammer-test -tout 300,,,,rbm-sram-virus -tout 300,,,,rbm-plvcc -tout 300,,,,rbm-dvfm-soc-dcs-pgt -tout 300,,,,rbm-amx-pv1-pcore -tout 300,,,
Time/s,Temperature/°C,HOT Times,Pmu times,Time/s,Temperature/°C,HOT Times,Pmu times,Time/s,Temperature/°C,HOT Times,Pmu times,Time/s,Temperature/°C,HOT Times,Pmu times,Time/s,Temperature/°C,HOT Times,Pmu times,Time/s,Temperature/°C,HOT Times,Pmu times,Time/s,Temperature/°C,HOT Times,Pmu times,Time/s,Temperature/°C,HOT Times,Pmu times,Time/s,Temperature/°C,HOT Times,Pmu times,Time/s,Temperature/°C,HOT Times,Pmu times,Time/s,Temperature/°C,HOT Times,Pmu times,Time/s,Temperature/°C,HOT Times,Pmu times,Time/s,Temperature/°C,HOT Times,Pmu times,Time/s,Temperature/°C,HOT Times,Pmu times,Time/s,Temperature/°C,HOT Times,Pmu times,Time/s,Temperature/°C,HOT Times,Pmu times
1,46.56,0,0,1,92.53,55,0,1,101.31,1,0,1,85.5,0,0,2,82.2,0,0,2,84.07,0,0,1,89.46,66,0,1,99.04,105,0,1,92.16,4,0,3,92.18,9,0,1,93.46,45,0,2,87.37,0,0,1,63.3,0,0,1,94.22,0,0,3,84.46,0,0,1,98.3,37,0
2,47.13,0,0,2,98.11,119,0,2,104.0,7,0,2,85.52,0,0,3,80.29,0,0,3,83.02,0,0,2,90.12,68,0,2,107.26,228,0,2,95.21,10,0,4,92.18,22,0,5,85.28,54,0,4,86.53,0,0,2,65.02,0,0,2,95.12,0,0,4,85.06,0,0,2,101.03,86,0
4,45.15,0,0,3,97.26,186,0,3,99.18,16,0,3,89.08,5,0,4,82.2,0,0,5,82.26,0,0,3,94.34,78,0,3,104.55,349,0,3,94.55,18,0,5,86.4,27,0,6,85.18,54,0,7,87.13,0,0,3,65.08,0,0,3,96.09,0,0,6,87.18,0,0,3,97.56,142,0
5,46.3,0,0,4,100.39,259,0,6,104.01,25,0,5,87.55,5,0,9,80.51,0,0,6,82.51,0,0,5,86.16,78,0,4,98.28,450,0,4,93.12,34,0,7,93.3,44,0,7,87.37,54,0,9,85.0,0,0,4,64.6,0,0,4,95.06,0,0,7,87.14,0,0,6,98.59,250,0
6,47.36,0,0,5,98.15,330,0,7,103.35,31,0,6,89.47,5,0,10,81.32,0,0,7,84.02,0,0,6,88.51,78,0,5,98.01,561,0,5,90.23,41,0,8,90.04,45,0,9,91.13,54,0,12,85.48,0,0,6,67.35,0,0,5,95.11,0,0,10,87.04,0,0,7,101.59,296,0
7,46.54,0,0,6,98.22,401,0,8,102.09,44,0,8,86.59,5,0,12,81.56,0,0,8,84.43,0,0,7,91.2,81,0,7,108.08,673,0,6,96.54,63,0,10,88.6,67,0,10,87.36,54,0,14,85.25,0,0,7,66.16,0,0,6,95.42,0,0,12,86.46,0,0,9,103.47,388,0
8,47.43,0,0,7,94.55,476,0,9,100.61,55,0,10,88.01,36,0,15,81.22,0,0,10,82.4,0,0,9,86.6,81,0,8,105.19,779,0,7,94.6,137,0,11,90.21,67,0,11,88.63,54,0,17,86.3,0,0,8,65.23,0,0,7,95.16,0,0,19,85.06,0,0,10,104.29,455,0
10,47.62,0,0,8,100.08,551,0,11,99.15,71,0,13,86.1,36,0,16,81.21,0,0,11,81.57,0,0,11,90.59,86,0,9,107.37,889,0,9,92.16,196,0,12,88.0,68,0,14,93.3,189,0,19,85.47,0,0,9,66.38,0,0,8,95.38,0,0,21,91.18,0,0,12,103.13,519,0
11,46.01,0,0,9,96.61,628,0,12,103.53,72,0,15,87.12,36,0,17,81.59,0,0,12,85.05,0,0,13,91.28,111,0,10,104.21,995,0,10,92.2,208,0,13,92.12,69,0,16,89.32,200,0,22,85.02,0,0,10,65.14,0,0,9,96.49,0,0,22,86.62,0,0,13,103.33,569,0
12,46.61,0,0,10,94.34,703,0,13,103.39,88,0,16,85.0,36,0,18,82.0,0,0,14,84.27,0,0,14,91.48,113,0,11,97.63,1109,0,11,96.54,212,0,14,88.11,69,0,18,94.47,332,0,24,84.43,0,0,11,68.31,0,0,10,97.33,0,0,23,86.43,0,0,14,100.38,670,0
13,46.61,0,0,11,98.36,779,0,15,102.34,107,0,17,86.33,36,0,25,83.18,0,0,15,84.14,0,0,15,89.24,119,0,12,99.53,1214,0,12,95.1,220,0,15,92.02,79,0,19,86.24,333,0,27,83.13,0,0,12,66.17,0,0,11,97.04,0,0,24,86.05,0,0,16,103.43,726,0
15,45.22,0,0,12,98.36,857,0,16,102.5,107,0,19,86.6,36,0,27,80.54,0,0,16,83.29,0,0,17,88.39,119,0,13,103.1,1319,0,13,93.02,233,0,17,88.47,79,0,21,88.22,333,0,29,83.59,0,0,13,67.21,0,0,12,96.22,0,0,33,86.07,0,0,17,106.22,801,0
16,49.18,0,0,13,93.31,936,0,17,100.27,116,0,20,86.63,36,0,28,82.3,0,0,17,82.53,0,0,19,88.02,119,0,14,103.6,1425,0,14,91.14,276,0,18,89.01,99,0,23,90.62,340,0,32,79.12,0,0,14,66.46,0,0,13,96.51,0,0,35,86.55,0,0,18,98.01,860,0
18,45.42,0,0,14,95.1,1013,0,18,99.48,125,0,21,87.48,36,0,30,81.23,0,0,18,83.28,0,0,20,89.25,120,0,15,105.41,1538,0,16,94.61,281,0,20,87.28,101,0,24,90.61,345,0,34,82.31,0,0,15,67.43,0,0,14,96.39,0,0,38,86.02,0,0,20,104.51,997,0
19,47.45,0,0,15,95.53,1091,0,20,97.56,140,0,23,86.19,36,0,31,82.46,0,0,19,83.1,0,0,21,89.01,121,0,17,101.28,1644,0,17,89.58,335,0,21,89.53,104,0,25,90.21,348,0,37,83.12,0,0,16,67.39,0,0,15,96.45,0,0,39,86.59,0,0,21,100.51,1060,0
21,45.2,0,0,17,96.37,1248,0,22,104.29,170,0,24,87.36,36,0,33,82.05,0,0,20,83.54,0,0,22,88.01,122,0,18,108.24,1750,0,18,94.08,339,0,22,92.26,115,0,27,95.27,360,0,39,81.24,0,0,17,66.54,0,0,16,96.45,0,0,44,84.16,0,0,22,100.46,1113,0
22,46.4,0,0,18,101.28,1327,0,23,102.27,207,0,25,90.11,36,0,36,85.17,0,0,22,83.14,0,0,24,89.46,122,0,19,105.05,1856,0,20,95.47,345,0,23,92.49,120,0,28,89.41,363,0,42,81.24,0,0,18,66.06,0,0,17,98.13,0,0,45,85.38,0,0,24,104.58,1208,0
24,46.4,0,0,20,100.33,1486,0,24,99.07,224,0,32,84.55,36,0,37,84.18,0,0,23,85.06,0,0,25,94.6,122,0,20,103.17,1959,0,22,98.01,360,0,26,91.54,120,0,29,90.35,374,0,44,81.48,0,0,19,66.38,0,0,18,96.51,0,0,46,86.05,0,0,26,100.38,1285,0
25,49.14,0,0,23,95.51,1732,0,26,101.26,240,0,33,86.02,36,0,39,82.29,0,0,24,85.26,0,0,26,88.21,122,0,21,97.16,2061,0,23,94.43,379,0,27,90.45,136,0,33,88.47,386,0,47,81.01,0,0,20,65.61,0,0,20,98.13,0,0,47,88.51,0,0,27,99.54,1376,0
26,49.44,0,0,24,96.32,1813,0,27,100.16,258,0,35,84.32,36,0,42,82.63,0,0,25,86.52,0,0,28,91.06,134,0,22,107.25,2163,0,24,92.14,394,0,28,95.07,140,0,34,94.11,390,0,49,79.36,0,0,21,67.09,0,0,21,98.13,0,0,50,90.54,1,0,29,100.34,1477,0
27,51.43,0,0,28,102.56,2137,0,28,98.01,294,0,36,85.53,36,0,44,81.56,0,0,27,86.14,0,0,29,91.49,136,0,23,101.16,2280,0,25,93.26,445,0,29,90.31,150,0,37,93.06,503,0,52,79.59,0,0,22,65.44,0,0,22,97.53,0,0,53,85.16,1,0,31,101.0,1560,0
28,48.41,0,0,31,103.54,2301,0,29,101.63,333,0,43,84.48,36,0,46,80.1,0,0,28,85.23,0,0,30,94.06,167,0,24,98.05,2400,0,28,89.31,455,0,33,85.35,153,0,38,87.02,508,0,54,79.59,0,0,23,66.32,0,0,23,96.63,0,0,54,86.31,1,0,32,103.02,1628,0
30,48.29,0,0,33,98.61,2462,0,31,98.5,366,0,45,83.49,36,0,47,82.07,0,0,29,84.54,0,0,31,88.01,169,0,25,101.45,2512,0,29,90.23,459,0,34,86.54,153,0,40,94.13,512,0,57,79.59,0,0,24,67.12,0,0,24,97.23,0,0,56,86.29,1,0,34,101.61,1743,0
31,50.32,0,0,34,95.32,2544,0,32,103.2,399,0,46,84.31,36,0,52,82.01,0,0,31,82.49,0,0,33,89.46,170,0,27,107.21,2627,0,31,90.09,474,0,35,95.0,155,0,41,91.3,512,0,59,79.59,0,0,25,68.01,0,0,25,97.62,0,0,57,84.12,1,0,35,103.54,1797,0
32,50.03,0,0,35,95.07,2625,0,33,102.39,415,0,48,85.03,36,0,53,84.05,0,0,32,85.22,0,0,34,89.02,171,0,28,108.56,2739,0,32,94.61,510,0,37,86.13,175,0,42,90.21,513,0,62,79.13,0,0,26,67.39,0,0,26,98.1,0,0,59,86.07,1,0,36,100.41,1855,0
34,48.29,0,0,36,98.4,2707,0,35,102.04,445,0,56,85.37,36,0,54,81.61,0,0,34,84.03,0,0,35,89.5,171,0,29,104.55,2861,0,37,100.33,901,0,38,90.5,176,0,43,91.41,551,0,64,74.61,0,0,27,69.15,0,0,27,97.53,0,0,64,86.43,1,0,37,104.31,1947,0
36,50.54,0,0,38,94.49,2874,0,36,105.16,464,0,57,84.51,36,0,55,81.28,0,0,35,84.23,0,0,37,93.55,227,0,30,103.61,2983,0,38,90.06,904,0,40,89.19,176,0,44,90.06,558,0,67,78.06,0,0,28,69.59,0,0,28,98.07,0,0,68,90.06,1,0,40,104.0,2084,0
37,50.32,0,0,39,96.6,2957,0,37,102.42,488,0,63,85.32,36,0,57,82.61,0,0,36,84.0,0,0,39,90.11,327,0,31,108.06,3106,0,39,90.11,915,0,41,90.14,177,0,46,87.5,564,0,69,77.0,0,0,29,69.36,0,0,29,98.43,0,0,69,87.53,1,0,41,101.24,2208,0
38,49.4,0,0,40,101.44,3039,0,38,98.17,506,0,65,85.05,37,0,59,81.15,0,0,37,86.43,0,0,40,88.42,328,0,33,108.06,3229,0,41,96.63,989,0,43,89.1,179,0,47,93.3,568,0,71,76.41,0,0,30,70.02,0,0,30,99.47,0,0,70,89.02,1,0,43,104.1,2301,0
39,49.18,0,0,41,94.54,3126,0,39,103.49,524,0,67,83.57,37,0,64,80.27,0,0,38,85.3,0,0,42,91.46,418,0,34,99.41,3336,0,42,93.09,1014,0,44,93.3,193,0,48,89.25,580,0,74,76.41,0,0,31,70.02,0,0,31,98.55,0,0,72,87.28,1,0,44,105.13,2365,0
40,49.61,0,0,42,88.54,3211,0,40,101.62,554,0,68,85.04,37,0,65,81.48,0,0,39,83.37,0,0,43,88.51,418,0,35,101.16,3451,0,44,94.43,1028,0,45,90.37,193,0,49,90.34,580,0,76,76.41,0,0,32,69.4,0,0,32,98.43,0,0,74,86.53,1,0,46,101.37,2460,0
41,50.23,0,0,43,102.49,3295,0,42,99.54,587,0,69,84.46,37,0,67,82.4,0,0,40,83.08,0,0,45,91.52,419,0,36,98.31,3578,0,46,95.37,1039,0,46,92.2,208,0,50,93.07,580,0,79,77.0,0,0,33,69.25,0,0,34,98.07,0,0,76,86.05,1,0,47,103.54,2519,0
42,50.11,0,0,44,98.14,3381,0,43,99.48,607,0,72,84.45,37,0,68,82.52,0,0,42,84.38,0,0,46,89.25,420,0,37,99.51,3688,0,47,93.26,1090,0,48,91.32,213,0,52,89.45,585,0,81,77.0,0,0,34,68.24,0,0,35,97.53,0,0,79,84.58,1,0,48,106.3,2594,0
44,50.5,0,0,45,97.17,3467,0,44,99.41,645,0,73,85.04,37,0,73,82.08,0,0,43,84.06,0,0,48,94.36,491,0,38,104.05,3792,0,48,89.6,1130,0,49,86.58,213,0,53,87.37,587,0,84,77.0,0,0,35,67.39,0,0,36,97.23,0,0,81,85.21,1,0,49,101.07,2675,0
45,57.55,0,0,46,95.3,3554,0,45,98.5,671,0,74,84.46,37,0,74,82.63,0,0,44,84.12,0,0,49,93.45,494,0,39,105.04,3903,0,49,92.32,1146,0,50,93.29,213,0,55,89.5,588,0,86,76.18,0,0,36,68.0,0,0,37,98.31,0,0,83,90.17,1,0,51,99.41,2759,0
46,51.34,0,0,47,96.15,3642,0,46,101.33,705,0,76,85.04,37,0,77,80.49,0,0,45,84.46,0,0,51,89.6,499,0,41,108.0,4029,0,50,93.21,1152,0,51,88.44,213,0,57,87.19,594,0,89,76.18,0,0,37,68.04,0,0,38,98.3,0,0,84,86.08,1,0,52,100.46,2831,0
47,53.06,0,0,48,100.33,3726,0,47,102.27,742,0,77,85.23,37,0,78,81.01,0,0,50,83.61,0,0,52,88.14,499,0,42,107.63,4152,0,52,98.06,1199,0,52,92.49,228,0,58,90.36,596,0,91,75.12,0,0,38,69.1,0,0,39,98.37,0,0,86,86.23,1,0,54,99.19,2948,0
48,52.21,0,0,49,95.46,3812,0,49,99.15,769,0,80,86.21,37,0,84,80.06,0,0,51,82.49,0,0,53,89.11,500,0,43,109.24,4280,0,53,92.41,1255,0,55,95.02,369,0,59,88.62,610,0,94,74.29,0,0,39,70.51,0,0,40,99.09,0,0,88,86.31,1,0,55,101.0,3012,0
49,49.4,0,0,50,96.36,3898,0,50,100.02,811,0,83,85.35,37,0,88,82.07,0,0,53,84.26,0,0,55,87.27,500,0,44,100.54,4389,0,55,94.11,1260,0,56,87.1,381,0,61,88.08,610,0,96,72.4,0,0,40,69.13,0,0,41,98.37,0,0,89,89.16,1,0,56,100.09,3093,0
51,51.43,0,0,51,96.55,3985,0,51,98.44,834,0,84,85.58,37,0,91,80.4,0,0,54,85.09,0,0,56,88.19,501,0,45,98.57,4505,0,56,95.46,1262,0,58,96.03,382,0,66,86.24,610,0,99,74.53,0,0,41,70.25,0,0,42,99.09,0,0,90,88.24,1,0,57,102.24,3192,0
54,49.23,0,0,52,90.26,4072,0,52,101.62,878,0,85,88.31,39,0,93,81.55,0,0,55,83.54,0,0,57,94.34,603,0,46,105.02,4615,0,57,91.41,1268,0,59,86.5,382,0,68,88.38,614,0,101,74.52,0,0,43,68.47,0,0,43,98.61,0,0,92,86.62,1,0,58,105.35,3261,0
55,50.37,0,0,53,96.11,4156,0,54,104.29,910,0,86,84.22,39,0,94,82.2,0,0,58,85.38,0,0,59,88.38,621,0,47,104.04,4720,0,58,91.28,1284,0,62,84.19,382,0,69,88.52,650,0,104,74.28,0,0,44,69.4,0,0,44,99.15,0,0,95,85.13,1,0,62,99.48,3486,0
56,50.07,0,0,54,96.08,4243,0,55,102.52,950,0,87,84.58,39,0,95,81.6,0,0,59,84.53,0,0,61,90.25,625,0,48,108.49,4834,0,59,98.47,1306,0,66,84.02,382,0,71,95.31,680,0,106,75.12,0,0,45,69.09,0,0,45,100.0,0,0,97,84.53,1,0,64,105.47,3563,0
57,49.17,0,0,55,100.49,4331,0,56,98.26,981,0,89,85.11,39,0,96,81.28,0,0,60,85.15,0,0,62,89.12,627,0,50,98.53,4941,0,61,88.6,1306,0,68,86.63,405,0,72,85.25,699,0,109,73.22,0,0,46,68.52,0,0,46,99.38,0,0,100,86.02,1,0,65,102.5,3668,0
59,49.23,0,0,56,99.21,4416,0,57,98.49,1020,0,90,84.07,39,0,97,81.39,0,0,62,83.29,0,0,63,91.28,627,0,51,101.06,5053,0,64,89.21,1309,0,69,93.21,413,0,73,93.27,711,0,111,74.06,0,0,47,69.06,0,0,47,99.57,0,0,101,88.3,1,0,67,104.29,3771,0
61,50.07,0,0,57,96.11,4504,0,59,100.41,1062,0,91,85.26,39,0,103,81.12,0,0,63,85.12,0,0,64,90.35,627,0,52,105.05,5185,0,65,91.07,1311,0,70,92.39,429,0,75,94.42,840,0,114,73.45,0,0,48,70.28,0,0,48,100.17,0,0,102,87.11,1,0,68,100.46,3868,0
63,49.44,0,0,58,88.24,4592,0,62,99.07,1109,0,93,84.47,39,0,104,81.09,0,0,65,85.41,0,0,67,89.0,627,0,53,108.32,5317,0,66,89.49,1315,0,73,88.57,457,0,77,91.19,845,0,116,72.62,0,0,49,71.29,0,0,49,100.15,0,0,104,85.41,1,0,70,105.47,3932,0
64,50.28,0,0,59,102.5,4678,0,63,100.06,1146,0,95,85.37,39,0,105,80.6,0,0,66,85.35,0,0,68,88.14,627,0,55,105.41,5441,0,67,93.55,1331,0,74,91.2,459,0,78,92.14,845,0,119,74.07,0,0,50,70.25,0,0,50,98.49,0,0,107,87.16,1,0,71,104.16,4007,0
65,50.32,0,0,60,90.27,4764,0,64,102.42,1173,0,96,82.48,39,0,107,83.17,0,0,67,84.33,0,0,69,90.36,627,0,56,110.27,5566,0,68,93.63,1334,0,76,90.29,488,0,79,91.63,847,0,121,74.07,0,0,51,70.21,0,0,51,99.33,0,0,109,86.23,1,0,72,99.48,4131,0
67,50.54,0,0,62,102.5,4853,0,65,103.3,1216,0,99,84.62,39,0,109,82.03,0,0,69,87.53,0,0,71,91.2,659,0,57,108.28,5677,0,70,91.52,1338,0,77,85.5,490,0,80,85.04,847,0,124,73.24,0,0,52,69.4,0,0,52,100.42,0,0,111,83.57,1,0,74,103.17,4262,0
68,48.55,0,0,63,96.11,4942,0,67,101.09,1273,0,101,84.08,39,0,111,80.21,0,0,70,86.52,0,0,72,87.62,660,0,58,102.34,5803,0,71,93.49,1381,0,78,92.07,501,0,82,95.04,909,0,126,72.63,0,0,53,69.62,0,0,53,99.57,0,0,115,87.19,1,0,76,103.43,4380,0
69,50.32,0,0,64,99.21,5033,0,68,99.32,1305,0,102,85.44,39,0,113,82.08,0,0,71,89.24,0,0,76,94.57,1043,0,59,103.32,5925,0,72,92.49,1383,0,79,91.37,555,0,83,95.04,914,0,129,69.61,0,0,54,69.62,0,0,54,99.57,0,0,118,86.09,1,0,77,100.31,4485,0
72,52.05,0,0,65,89.16,5121,0,69,103.36,1356,0,103,85.18,39,0,114,82.05,0,0,72,86.31,0,0,78,89.11,1043,0,64,107.06,6429,0,74,90.08,1408,0,81,92.0,557,0,85,91.63,922,0,131,72.63,0,0,55,70.25,0,0,55,99.53,0,0,119,86.29,1,0,79,103.12,4613,0
73,51.44,0,0,66,100.03,5207,0,70,98.1,1395,0,106,89.59,41,0,121,81.4,0,0,73,84.59,0,0,79,90.61,1045,0,65,106.01,6546,0,75,91.46,1409,0,82,87.13,558,0,86,90.24,928,0,134,72.41,0,0,56,69.13,0,0,57,99.33,0,0,120,86.35,1,0,80,104.08,4691,0
74,53.37,0,0,67,101.52,5296,0,71,98.54,1446,0,107,89.08,41,0,128,81.31,0,0,74,86.05,0,0,80,88.02,1046,0,67,111.17,6656,0,76,91.03,1432,0,83,88.21,560,0,87,87.5,931,0,136,72.4,0,0,57,70.48,0,0,58,100.04,0,0,121,86.05,1,0,82,106.04,4822,0
75,51.14,0,0,68,96.36,5384,0,73,103.43,1503,0,109,83.25,41,0,129,80.09,0,0,76,86.1,0,0,81,90.35,1091,0,68,107.25,6780,0,77,96.04,1441,0,84,92.49,563,0,88,88.27,932,0,139,72.16,0,0,58,69.32,0,0,59,100.59,0,0,134,83.47,1,0,83,100.2,4907,0
76,52.27,0,0,69,91.35,5472,0,74,99.15,1565,0,110,85.13,41,0,131,82.09,0,0,77,84.59,0,0,83,91.5,1091,0,69,106.02,6885,0,78,93.21,1446,0,85,91.31,565,0,90,88.3,933,0,141,71.34,0,0,59,69.61,0,0,63,101.39,0,0,136,85.3,1,0,84,102.43,5013,0
77,50.5,0,0,70,98.14,5568,0,75,103.12,1623,0,111,85.12,41,0,133,81.14,0,0,78,85.52,0,0,84,89.5,1091,0,70,108.06,7010,0,79,94.34,1486,0,88,95.02,655,0,91,90.28,935,0,144,71.11,0,0,61,61.34,0,0,64,100.15,0,0,137,86.28,1,0,86,103.28,5106,0
79,50.5,0,0,71,95.07,5657,0,76,99.07,1659,0,112,85.0,41,0,136,82.42,0,0,79,86.0,0,0,85,90.36,1092,0,71,105.28,7128,0,80,95.42,1491,0,89,93.18,665,0,92,98.27,946,0,146,70.28,0,0,62,70.08,0,0,65,101.26,0,0,138,84.44,1,0,87,103.43,5206,0
80,50.07,0,0,72,100.33,5746,0,78,101.24,1727,0,115,84.26,41,0,137,81.37,0,0,81,86.1,0,0,87,87.16,1092,0,72,110.55,7237,0,82,93.44,1493,0,91,90.2,667,0,93,88.22,954,0,148,70.52,0,0,63,71.13,0,0,66,100.17,0,0,140,86.16,1,0,88,100.42,5290,0
82,50.5,0,0,73,95.63,5834,0,79,99.51,1773,0,118,86.43,41,0,140,79.19,0,0,82,86.3,0,0,88,90.04,1112,0,73,105.41,7346,0,83,90.2,1496,0,93,90.44,680,0,95,94.29,963,0,151,70.52,0,0,64,69.36,0,0,67,100.36,0,0,143,86.35,1,0,90,105.13,5419,0
83,53.34,0,0,74,95.45,5923,0,80,99.58,1814,0,119,83.47,41,0,142,82.05,0,0,83,85.58,0,0,89,90.21,1115,0,75,108.28,7480,0,84,91.39,1501,0,94,93.33,696,0,99,86.24,1009,0,153,69.46,0,0,65,69.36,0,0,68,100.36,0,0,145,85.17,1,0,91,103.13,5499,0
84,54.2,0,0,75,97.63,6013,0,81,99.58,1872,0,120,82.57,41,0,143,78.46,0,0,84,84.59,0,0,90,90.36,1115,0,76,100.28,7610,0,85,94.22,1506,0,95,88.27,699,0,101,89.44,1009,0,156,71.11,0,0,66,70.21,0,0,69,101.05,0,0,146,84.36,1,0,93,105.57,5628,0
85,53.38,0,0,76,103.17,6101,0,82,99.22,1905,0,121,83.31,41,0,146,82.46,0,0,85,85.35,0,0,92,93.11,1230,0,77,105.23,7716,0,86,92.54,1520,0,96,90.12,700,0,102,90.07,1009,0,158,69.45,0,0,67,69.04,0,0,70,100.45,0,0,147,84.32,1,0,94,105.36,5725,0
86,51.37,0,0,77,96.15,6193,0,84,104.06,1961,0,124,85.46,48,0,147,82.03,0,0,86,85.09,0,0,97,90.21,1545,0,78,104.3,7847,0,88,98.01,1536,0,100,86.43,704,0,103,91.39,1011,0,161,68.5,0,0,68,70.48,0,0,71,100.59,0,0,148,85.08,1,0,95,100.55,5811,0
87,51.21,0,0,78,97.35,6284,0,85,103.13,2026,0,125,84.6,48,0,149,81.5,0,0,89,87.57,0,0,98,88.42,1545,0,79,110.23,7971,0,89,92.16,1543,0,101,90.07,707,0,104,89.15,1012,0,163,70.28,0,0,69,69.15,0,0,72,100.54,0,0,150,87.5,1,0,97,100.42,5933,0
88,52.05,0,0,79,97.33,6375,0,86,98.54,2092,0,127,87.25,48,0,151,82.61,0,0,90,87.08,0,0,99,92.4,1549,0,80,98.05,8087,0,91,89.47,1552,0,102,92.25,716,0,105,86.39,1023,0,166,70.28,0,0,70,70.11,0,0,73,100.62,0,0,151,86.41,1,0,98,105.39,6027,0
89,50.28,0,0,80,95.51,6464,0,87,103.49,2131,0,128,86.52,48,0,154,81.09,0,0,91,87.15,0,0,100,89.37,1582,0,81,108.32,8206,0,92,90.06,1571,0,103,93.31,720,0,106,93.37,1029,0,168,70.06,0,0,71,71.13,0,0,75,100.59,0,0,152,85.11,1,0,99,99.53,6116,0
90,53.27,0,0,81,103.33,6553,0,88,100.06,2190,0,129,85.34,48,0,156,79.45,0,0,93,85.12,0,0,102,92.42,1582,0,83,110.54,8338,0,93,94.16,1576,0,105,87.63,724,0,107,89.52,1042,0,171,71.11,0,0,72,71.24,0,0,76,100.31,0,0,154,85.03,1,0,101,101.16,6214,0
91,53.53,0,0,82,100.22,6642,0,90,105.05,2289,0,132,85.21,48,0,160,82.46,0,0,94,85.58,0,0,103,90.61,1588,0,84,101.42,8458,0,95,87.23,1589,0,106,93.44,763,0,108,90.12,1049,0,173,68.63,0,0,73,71.6,0,0,77,100.57,0,0,156,88.08,1,0,102,102.55,6329,0
93,55.09,0,0,83,103.26,6732,0,91,99.41,2342,0,133,83.28,48,0,161,81.59,0,0,95,84.45,0,0,104,92.4,1589,0,85,103.13,8584,0,100,97.22,2035,0,107,87.09,763,0,109,91.52,1049,0,176,69.46,0,0,74,72.18,0,0,78,101.19,0,0,158,83.62,1,0,103,100.38,6416,0
94,50.42,0,0,84,96.32,6823,0,93,104.51,2408,0,134,86.38,48,0,166,79.11,0,0,96,85.47,0,0,105,89.45,1595,0,86,105.16,8702,0,101,96.58,2048,0,109,87.11,765,0,111,87.62,1065,0,178,70.29,0,0,75,74.2,0,0,79,101.38,0,0,159,87.43,1,0,105,105.1,6581,0
95,51.34,0,0,85,98.22,6916,0,95,98.5,2496,0,136,87.63,49,0,167,80.35,0,0,97,85.32,0,0,106,89.6,1596,0,87,105.52,8827,0,103,92.38,2064,0,110,91.21,767,0,112,89.36,1070,0,181,68.39,0,0,76,72.28,0,0,80,101.38,0,0,162,86.47,1,0,107,102.61,6689,0
96,55.08,0,0,86,90.56,7009,0,96,103.39,2544,0,138,83.23,49,0,168,81.43,0,0,98,86.25,0,0,109,89.02,1651,0,89,105.05,8954,0,104,91.19,2066,0,111,87.11,767,0,113,88.24,1087,0,183,68.4,0,0,77,71.35,0,0,81,101.46,0,0,163,85.44,1,0,108,103.12,6802,0
97,52.56,0,0,87,103.42,7099,0,97,98.24,2607,0,140,88.29,49,0,170,81.63,0,0,100,85.62,0,0,110,90.45,1652,0,90,103.32,9071,0,107,94.05,2116,0,112,93.04,769,0,114,86.57,1088,0,186,69.46,0,0,78,72.02,0,0,82,102.3,0,0,166,85.35,1,0,110,104.01,6926,0
98,53.63,0,0,88,101.19,7190,0,99,103.16,2676,0,141,83.14,49,0,171,80.49,0,0,101,85.35,0,0,111,92.2,1682,0,91,110.01,9203,0,109,94.23,2139,0,113,91.4,776,0,115,93.26,1127,0,188,68.16,0,0,79,72.02,0,0,83,102.04,0,0,167,87.24,1,0,112,99.62,7094,0
99,52.43,0,0,89,91.18,7283,0,100,101.09,2747,0,142,83.63,49,0,173,81.49,0,0,102,84.54,0,0,112,91.31,1684,0,92,99.23,9328,0,110,93.57,2163,0,116,90.07,829,0,117,90.2,1132,0,190,67.56,0,0,81,71.08,0,0,84,102.09,0,0,168,84.44,1,0,113,104.06,7206,0
101,51.41,0,0,90,105.14,7376,0,101,104.31,2792,0,144,83.49,49,0,174,82.19,0,0,103,85.09,0,0,114,91.61,1752,0,93,106.0,9445,0,111,94.34,2189,0,117,91.18,830,0,118,95.23,1143,0,193,65.43,0,0,82,72.23,0,0,85,102.36,0,0,169,85.11,1,0,116,107.17,7381,0
102,53.16,0,0,91,100.58,7468,0,102,103.59,2823,0,145,85.41,49,0,176,80.6,0,0,104,85.47,0,0,115,94.36,1758,0,94,106.02,9557,0,115,95.21,2384,0,118,90.46,835,0,119,91.36,1144,0,195,69.0,0,0,83,73.37,0,0,86,101.46,0,0,170,85.06,1,0,118,104.31,7595,0
104,51.59,0,0,93,101.45,7561,0,104,99.32,2898,0,146,84.27,49,0,182,81.18,0,0,105,86.3,0,0,117,92.07,1759,0,96,108.49,9766,0,116,91.52,2452,0,120,87.33,837,0,120,89.09,1146,0,198,67.33,0,0,84,72.12,0,0,87,102.09,0,0,173,85.59,1,0,119,104.48,7693,0
105,51.57,0,0,94,96.55,7654,0,105,102.32,2930,0,147,83.09,49,0,183,83.33,0,0,106,85.58,0,0,120,91.05,1867,0,97,108.28,9883,0,118,88.34,2463,0,121,91.07,838,0,123,89.02,1150,0,200,68.16,0,0,85,73.11,0,0,88,102.36,0,0,175,87.09,1,0,122,104.17,7885,0
106,52.0,0,0,95,104.54,7745,0,106,101.32,2999,0,149,83.27,49,0,184,82.45,0,0,108,85.38,0,0,122,90.25,1869,0,98,98.59,10016,0,122,90.45,2725,0,123,85.53,862,0,124,87.49,1152,0,203,68.4,0,0,86,71.32,0,0,89,101.62,0,0,176,84.41,1,0,126,104.63,8122,0
107,53.42,0,0,96,96.37,7839,0,107,102.24,3075,0,150,85.54,49,0,186,80.27,0,0,109,87.24,0,0,124,92.33,1871,0,100,106.51,10145,0,124,91.28,2733,0,124,88.48,865,0,126,87.24,1156,0,205,68.16,0,0,87,73.6,0,0,90,101.08,0,0,181,84.46,1,0,128,105.11,8297,0
108,51.37,0,0,97,95.22,7932,0,109,99.15,3131,0,152,84.14,49,0,193,79.63,0,0,110,86.06,0,0,125,89.0,1871,0,101,99.15,10273,0,125,89.25,2736,0,127,88.23,866,0,127,86.26,1156,0,208,67.1,0,0,88,71.6,0,0,91,102.39,0,0,182,87.15,1,0,130,105.41,8448,0
110,52.0,0,0,98,101.19,8026,0,110,104.08,3201,0,153,85.58,49,0,194,82.12,0,0,111,85.35,0,0,127,88.14,1871,0,102,100.15,10389,0,127,86.08,2736,0,128,92.09,866,0,128,87.22,1157,0,210,67.1,0,0,89,73.07,0,0,92,104.14,0,0,187,86.18,1,0,131,106.14,8573,0
111,52.0,0,0,99,104.54,8118,0,111,103.37,3261,0,155,84.44,49,0,196,79.58,0,0,112,85.22,0,0,128,88.26,1871,0,103,108.24,10526,0,128,91.06,2736,0,129,92.39,873,0,129,88.24,1157,0,213,67.33,0,0,90,71.59,0,0,94,103.48,3,0,189,84.18,1,0,133,104.42,8745,0
112,53.38,0,0,100,106.17,8212,0,112,102.05,3331,0,157,85.36,49,0,198,81.06,0,0,114,89.07,0,0,129,90.61,1872,0,104,108.33,10638,0,133,96.07,3089,0,130,93.01,893,0,133,85.36,1157,0,215,66.51,0,0,91,72.18,0,0,95,103.06,3,0,190,85.11,1,0,135,101.07,8879,0
114,52.0,0,0,101,102.07,8306,0,114,102.05,3390,0,160,85.55,49,0,200,80.36,0,0,115,88.61,0,0,132,93.55,1943,0,105,105.31,10761,0,135,93.05,3192,0,133,86.57,893,0,134,88.08,1166,0,218,67.34,0,0,92,71.6,0,0,96,102.22,3,0,192,89.61,1,0,137,104.63,9036,0
115,55.51,0,0,102,96.23,8401,0,115,101.63,3450,0,161,85.17,49,0,202,80.39,0,0,117,87.32,0,0,133,91.07,1959,0,106,101.11,10878,0,137,93.06,3201,0,134,91.32,896,0,135,87.44,1187,0,220,68.17,0,0,93,74.25,0,0,97,103.54,3,0,193,84.29,1,0,138,106.41,9153,0
116,55.35,0,0,103,105.12,8495,0,117,103.39,3534,0,162,86.21,49,0,208,81.03,0,0,119,88.2,0,0,134,89.02,1961,0,107,106.02,11003,0,138,90.35,3297,0,137,89.55,908,0,136,91.32,1187,0,222,66.51,0,0,94,73.54,0,0,98,103.06,3,0,202,83.43,1,0,141,101.4,9344,0
117,55.35,0,0,104,97.42,8588,0,118,104.43,3589,0,164,83.56,49,0,210,81.09,0,0,121,87.51,0,0,136,94.6,2113,0,109,104.26,11124,0,139,88.25,3315,0,138,94.16,912,0,138,92.33,1210,0,225,66.31,0,0,95,72.41,0,0,99,103.46,3,0,203,85.59,1,0,142,104.0,9477,0
118,54.51,0,0,105,105.34,8683,0,119,104.06,3667,0,165,86.44,49,0,211,80.63,0,0,122,85.43,0,0,137,96.04,2179,0,110,100.28,11249,0,141,94.31,3323,0,139,91.38,913,0,139,91.07,1217,0,227,68.41,0,0,96,73.37,0,0,100,102.4,3,0,206,87.24,1,0,146,105.2,9766,0
119,55.56,0,0,106,106.17,8777,0,120,100.2,3763,0,166,83.36,49,0,213,81.18,0,0,125,84.2,0,0,138,90.21,2179,0,111,102.59,11361,0,143,91.2,3327,0,140,90.31,913,0,140,94.12,1224,0,230,67.11,0,0,97,71.56,0,0,101,103.24,3,0,207,85.46,1,0,148,105.13,9967,0
121,53.11,0,0,107,92.13,8872,0,124,106.61,3925,0,169,85.57,49,0,214,82.58,0,0,126,86.58,0,0,140,90.35,2179,0,112,104.0,11480,0,144,96.31,3339,0,142,86.11,913,0,141,87.11,1224,0,232,67.34,0,0,98,72.22,0,0,102,103.51,3,0,208,87.24,1,0,150,105.39,10082,0
123,53.16,0,0,108,104.04,8965,0,125,99.32,4004,0,171,83.27,49,0,220,80.29,0,0,127,85.09,0,0,142,90.47,2185,0,113,106.02,11599,0,145,95.28,3345,0,143,88.48,919,0,142,93.27,1227,0,235,67.1,0,0,99,73.07,0,0,103,103.51,3,0,209,86.56,1,0,151,103.43,10231,0
124,56.45,0,0,109,104.11,9058,0,127,100.35,4093,0,172,83.6,49,0,221,79.5,0,0,128,86.47,0,0,144,93.21,2246,0,114,104.14,11728,0,146,92.41,3353,0,144,90.52,919,0,143,90.2,1228,0,237,66.04,0,0,100,71.56,0,0,104,103.3,3,0,213,90.44,1,0,153,103.17,10363,0
125,54.04,0,0,110,92.42,9152,0,128,101.03,4159,0,173,89.52,49,0,223,84.24,0,0,129,87.32,0,0,145,93.21,2261,0,115,99.28,11859,0,147,95.15,3377,0,145,90.29,924,0,145,86.12,1235,0,240,67.11,0,0,101,72.48,0,0,105,104.14,3,0,214,85.49,1,0,155,105.57,10502,0
127,52.5,0,0,112,91.53,9343,0,129,100.42,4244,0,175,84.35,49,0,224,82.63,0,0,131,87.11,0,0,146,91.46,2269,0,117,103.61,11981,0,148,92.44,3380,0,146,88.38,924,0,147,89.3,1236,0,242,66.28,0,0,102,73.32,0,0,106,103.54,3,0,218,85.06,1,0,156,106.02,10597,0
128,61.05,0,0,113,104.03,9438,0,131,98.46,4306,0,176,83.24,49,0,229,80.33,0,0,132,86.46,0,0,147,92.34,2269,0,118,108.55,12102,0,149,96.41,3398,0,147,91.15,924,0,148,91.57,1237,0,245,65.22,0,0,103,73.32,0,0,107,104.0,3,0,219,84.12,1,0,157,101.29,10693,0
129,55.3,0,0,114,103.31,9533,0,132,99.54,4347,0,177,82.51,49,0,230,81.63,0,0,133,86.52,0,0,149,92.16,2269,0,119,102.51,12222,0,150,94.41,3411,0,148,93.26,927,0,150,91.05,1240,0,247,66.28,0,0,104,73.07,0,0,109,103.48,3,0,226,86.19,1,0,159,101.36,10810,0
130,55.09,0,0,115,105.32,9629,0,133,101.62,4456,0,179,89.61,49,0,232,80.43,0,0,134,87.15,0,0,150,92.59,2278,0,120,108.08,12357,0,151,90.27,3419,0,149,87.55,927,0,151,90.26,1243,0,250,67.34,0,0,105,73.32,0,0,110,104.08,3,0,227,84.17,1,0,160,101.61,10911,0
132,55.39,0,0,116,96.08,9725,0,135,98.53,4523,0,184,83.08,49,0,235,81.48,0,0,135,88.19,0,0,151,90.09,2278,0,121,109.39,12484,0,153,94.06,3444,0,150,87.6,928,0,152,90.33,1248,0,252,67.11,0,0,106,74.47,0,0,111,104.14,3,0,229,89.07,1,0,161,100.41,11041,0
134,53.42,0,0,117,96.54,9821,0,136,100.16,4586,0,186,82.33,49,0,236,82.03,0,0,136,89.41,0,0,152,88.51,2280,0,122,105.05,12592,0,154,92.17,3448,0,152,88.08,931,0,154,87.62,1258,0,255,65.45,0,0,107,72.5,0,0,112,103.24,3,0,231,84.55,1,0,163,103.45,11159,0
135,54.24,0,0,118,105.39,9921,0,137,100.2,4655,0,187,83.44,49,0,239,80.33,0,0,138,87.56,0,0,153,91.28,2340,0,128,99.18,13188,0,155,94.14,3456,0,153,92.36,931,0,155,90.06,1259,0,257,64.11,0,0,108,75.36,0,0,113,103.54,3,0,232,85.35,1,0,164,104.08,11259,0
136,56.01,0,0,119,91.39,10016,0,138,103.49,4735,0,189,82.4,49,0,240,82.38,0,0,139,86.3,0,0,154,90.61,2344,0,129,100.51,13328,0,157,92.57,3477,0,154,87.02,934,0,157,95.54,1269,0,259,64.61,0,0,109,73.37,0,0,114,104.62,3,0,234,85.33,1,0,166,103.07,11409,0
137,58.38,0,0,120,95.51,10112,0,140,103.09,4802,0,191,84.2,49,0,242,81.32,0,0,141,86.2,0,0,156,94.57,2360,0,130,103.23,13446,0,159,88.07,3484,0,155,93.55,951,0,158,93.09,1281,0,262,65.22,0,0,110,73.34,0,0,115,104.35,3,0,237,86.08,1,0,167,102.61,11523,0
139,56.24,0,0,121,96.08,10207,0,141,100.45,4860,0,193,83.01,49,0,243,82.47,0,0,142,86.46,0,0,157,91.56,2362,0,132,102.51,13565,0,160,93.02,3499,0,157,86.63,951,0,159,90.59,1283,0,264,66.51,0,0,111,73.32,0,0,116,104.56,3,0,240,83.49,1,0,168,100.38,11626,0
140,53.16,0,0,122,105.46,10305,0,142,100.46,4940,0,194,84.18,49,0,244,83.12,0,0,143,86.53,0,0,159,92.09,2391,0,133,105.16,13680,0,163,93.0,3501,0,158,90.17,955,0,160,89.26,1284,0,267,64.62,0,0,112,73.11,0,0,117,104.26,3,0,241,85.19,1,0,169,106.35,11724,0
142,55.4,0,0,123,106.14,10401,0,144,99.44,5038,0,196,86.17,49,0,246,81.29,0,0,145,87.13,0,0,160,94.06,2415,0,134,107.63,13803,0,165,92.53,3509,0,159,92.11,960,0,161,92.28,1287,0,269,66.04,0,0,113,74.24,0,0,118,103.46,3,0,242,82.57,1,0,170,103.2,11808,0
144,56.19,0,0,124,104.29,10496,0,145,102.54,5115,0,197,82.3,49,0,248,82.57,0,0,147,91.06,0,0,161,91.26,2419,0,135,104.47,13922,0,167,93.28,3524,0,160,93.56,965,0,162,89.34,1290,0,272,64.38,0,0,114,73.6,0,0,119,104.32,3,0,245,84.37,1,0,172,100.42,11921,0
145,54.2,0,0,125,93.62,10595,0,146,99.48,5174,0,198,83.26,49,0,249,82.57,0,0,150,88.29,0,0,163,96.19,2463,0,136,99.33,14038,0,168,94.16,3534,0,162,91.25,970,0,166,85.55,1290,0,274,64.38,0,0,115,73.32,0,0,120,105.22,4,0,247,84.31,1,0,173,106.02,12018,0
147,55.21,0,0,127,105.34,10697,0,147,103.36,5259,0,207,82.51,49,0,250,80.47,0,0,151,86.06,0,0,164,89.25,2483,0,137,108.07,14178,0,171,92.18,3784,0,166,87.21,979,0,167,95.63,1301,0,277,65.21,0,0,116,75.31,0,0,121,104.08,4,0,248,86.03,1,0,174,101.4,12131,0
148,53.34,0,0,128,103.42,10793,0,149,98.57,5333,0,210,85.12,49,0,256,80.52,0,0,152,86.53,0,0,167,91.56,2486,0,139,108.49,14330,0,172,94.55,3806,0,168,90.54,1027,0,168,93.02,1325,0,279,66.05,0,0,117,74.19,0,0,122,102.2,5,0,250,90.14,1,0,175,102.22,12223,0
150,56.27,0,0,129,101.19,10892,0,150,106.17,5421,0,212,84.46,49,0,258,80.61,0,0,153,87.32,0,0,169,94.56,2522,0,140,106.14,14456,0,173,92.45,3833,0,169,91.35,1027,0,171,87.4,1489,0,282,66.28,0,0,118,75.6,0,0,126,102.46,18,0,251,86.52,1,0,177,103.49,12367,0
151,54.36,0,0,130,96.32,10991,0,151,101.44,5492,0,216,81.56,49,0,261,89.23,0,0,154,87.41,0,0,170,88.49,2527,0,141,100.13,14585,0,175,91.14,3902,0,170,92.41,1029,0,173,88.26,1495,0,284,65.22,0,0,119,75.57,0,0,127,104.32,18,0,252,87.17,1,0,179,101.0,12516,0
152,55.08,0,0,131,103.42,11088,0,152,99.62,5576,0,217,83.26,49,0,263,81.48,0,0,157,84.45,0,0,172,87.52,2527,0,142,108.25,14716,0,176,90.47,3910,0,171,95.02,1042,0,174,87.53,1499,0,287,64.62,0,0,120,74.22,0,0,128,103.23,19,0,253,85.28,1,0,180,104.17,12666,0
154,56.01,0,0,132,96.58,11192,0,154,101.58,5681,0,220,85.49,49,0,264,89.45,0,0,159,88.19,0,0,173,89.12,2530,0,143,105.21,14848,0,178,92.26,3920,0,173,90.13,1042,0,175,87.62,1502,0,289,62.22,0,0,122,67.21,0,0,129,103.11,20,0,257,85.04,1,0,182,103.39,12803,0
155,53.34,0,0,133,101.06,11290,0,156,100.06,5762,0,221,81.48,49,0,265,81.51,0,0,160,88.51,0,0,174,89.0,2530,0,145,104.17,14980,0,180,91.39,3969,0,174,91.14,1048,0,177,91.13,1531,0,291,64.62,0,0,123,73.6,0,0,130,103.37,21,0,259,84.49,1,0,183,104.29,12896,0
156,52.5,0,0,134,104.11,11387,0,157,100.35,5843,0,223,80.33,49,0,268,81.44,0,0,161,88.42,0,0,176,88.19,2530,0,146,109.36,15105,0,181,89.28,3979,0,175,88.46,1049,0,178,93.1,1537,0,294,64.62,0,0,124,73.58,0,0,131,101.62,21,0,266,83.13,1,0,185,104.63,13132,0
157,53.11,0,0,135,105.39,11486,0,159,102.58,5961,0,225,83.27,49,0,269,83.26,0,0,162,89.34,0,0,177,89.0,2530,0,147,109.12,15218,0,184,88.0,4037,0,176,90.41,1054,0,179,93.53,1537,0,296,64.62,0,0,125,75.05,0,0,132,105.45,22,0,268,85.51,1,0,188,105.43,13317,0
158,54.54,0,0,136,107.13,11584,0,160,101.32,6032,0,226,81.19,49,0,270,82.12,0,0,163,85.33,0,0,179,91.55,2600,0,148,103.42,15338,0,186,89.02,4038,0,177,90.51,1055,0,180,89.36,1580,0,299,64.63,0,0,126,74.2,0,0,133,102.02,23,0,269,89.27,1,0,190,105.16,13421,0
159,56.19,0,0,137,97.14,11682,0,161,103.16,6106,0,228,83.13,49,0,275,81.1,0,0,164,87.15,0,0,180,88.01,2600,0,149,106.27,15467,0,187,87.37,4043,0,178,93.29,1067,0,182,91.07,1582,0,,,,,127,74.42,0,0,134,102.09,23,0,271,86.6,1,0,191,105.53,13506,0
160,55.57,0,0,138,104.55,11785,0,162,104.51,6200,0,231,85.0,49,0,277,83.0,0,0,166,87.62,0,0,182,91.48,2701,0,150,101.53,15581,0,188,92.2,4043,0,180,94.41,1071,0,183,89.13,1582,0,,,,,128,75.3,0,0,135,101.18,25,0,272,86.47,1,0,192,105.16,13628,0
161,57.03,0,0,139,105.15,11887,0,164,105.13,6288,0,232,83.27,49,0,279,82.53,0,0,167,86.58,0,0,184,92.1,2736,0,151,104.55,15700,0,191,87.37,4043,0,181,91.13,1075,0,185,86.07,1582,0,,,,,129,75.05,0,0,136,100.29,27,0,273,85.17,1,0,194,105.35,13770,0
162,56.35,0,0,140,93.11,11986,0,165,102.5,6366,0,233,82.61,49,0,280,82.31,0,0,168,85.47,0,0,186,89.6,2737,0,152,101.42,15836,0,192,88.42,4048,0,182,90.31,1076,0,186,93.45,1623,0,,,,,130,74.45,0,0,137,101.19,29,0,275,84.27,1,0,195,105.26,13876,0
163,58.17,0,0,141,102.31,12086,0,166,104.54,6456,0,236,81.38,49,0,281,82.26,0,0,169,86.52,0,0,187,90.45,2737,0,153,105.46,15947,0,194,92.54,4054,0,185,83.62,1121,0,187,92.07,1632,0,,,,,131,75.52,0,0,138,101.6,31,0,276,84.52,1,0,196,105.05,13980,0
165,56.35,0,0,142,96.59,12185,0,167,104.31,6525,0,237,80.41,49,0,282,84.14,0,0,170,87.45,0,0,188,93.47,2746,0,155,102.59,16072,0,195,88.21,4117,0,186,92.12,1129,0,190,94.41,1849,0,,,,,132,74.48,0,0,139,101.08,33,0,277,84.5,1,0,197,104.27,14095,0
166,56.24,0,0,143,102.5,12285,0,168,104.13,6589,0,239,83.18,49,0,283,82.14,0,0,171,87.41,0,0,189,91.24,2747,0,156,106.27,16199,0,197,95.16,4145,0,187,90.33,1135,0,191,93.34,1853,0,,,,,133,75.27,0,0,140,102.58,37,0,278,85.04,1,0,199,103.46,14271,0
167,58.32,0,0,144,102.06,12392,0,170,101.0,6656,0,245,82.03,49,0,285,82.09,0,0,172,91.63,0,0,191,90.11,2748,0,157,100.46,16333,0,198,93.12,4146,0,188,90.5,1162,0,192,89.32,1877,0,,,,,134,75.57,0,0,141,103.11,41,0,280,84.45,1,0,200,105.2,14369,0
169,56.19,0,0,145,103.52,12491,0,171,100.2,6763,0,246,82.23,49,0,286,81.54,0,0,174,87.62,0,0,192,89.23,2789,0,158,108.57,16451,0,199,93.53,4154,0,190,93.26,1194,0,193,91.07,1878,0,,,,,135,73.53,0,0,142,102.08,44,0,282,84.41,1,0,202,100.46,14477,0
170,55.39,0,0,146,93.07,12592,0,172,100.5,6828,0,247,86.5,49,0,287,81.12,0,0,175,86.44,0,0,194,92.59,2792,0,161,108.24,16875,0,201,94.57,4165,0,191,90.32,1196,0,195,90.39,1879,0,,,,,136,75.47,0,0,143,100.56,48,0,283,83.54,1,0,203,107.03,14616,0
171,54.46,0,0,147,101.52,12693,0,174,100.16,6911,0,248,82.23,49,0,289,80.5,0,0,176,88.58,0,0,195,90.47,2796,0,163,108.25,17010,0,202,90.21,4165,0,192,91.6,1207,0,200,84.55,1912,0,,,,,137,75.08,0,0,144,103.37,50,0,285,83.47,1,0,204,101.07,14717,0
172,59.4,0,0,148,92.27,12794,0,175,104.58,7001,0,251,81.48,49,0,292,81.54,0,0,177,88.03,0,0,196,92.34,2796,0,164,105.31,17144,0,203,93.54,4170,0,193,90.35,1207,0,201,86.07,1913,0,,,,,138,77.29,0,0,146,101.55,54,0,287,84.45,1,0,206,106.01,14802,0
174,57.2,0,0,149,97.13,12894,0,177,104.03,7107,0,252,85.37,49,0,294,83.45,0,0,178,89.11,0,0,197,89.5,2801,0,165,100.5,17275,0,204,92.42,4179,0,195,86.52,1207,0,202,95.19,1919,0,,,,,140,76.05,0,0,147,103.6,57,0,288,83.52,1,0,207,104.31,14955,0
175,56.5,0,0,150,106.38,12995,0,178,99.44,7185,0,254,81.33,49,0,295,81.25,0,0,179,88.29,0,0,199,88.39,2805,0,166,100.16,17412,0,205,93.32,4189,0,199,86.49,1215,0,203,88.42,1920,0,,,,,141,75.5,0,0,148,103.37,63,0,289,84.11,1,0,209,104.29,15170,0
176,55.61,0,0,151,106.4,13095,0,180,103.35,7291,0,255,81.5,49,0,,,,,181,87.34,0,0,200,88.39,2805,0,167,103.6,17542,0,206,96.57,4201,0,200,90.2,1217,0,205,93.14,1921,0,,,,,142,76.1,0,0,149,101.6,67,0,291,83.28,1,0,210,104.42,15263,0
177,55.42,0,0,152,101.44,13194,0,181,102.05,7366,0,256,84.21,49,0,,,,,182,90.1,0,0,201,92.16,2845,0,169,104.59,17674,0,207,90.21,4203,0,202,91.13,1219,0,206,92.42,1937,0,,,,,143,75.07,0,0,150,100.53,73,0,294,91.57,1,0,212,105.2,15431,0
179,55.56,0,0,153,106.17,13295,0,182,100.38,7441,0,257,83.15,49,0,,,,,183,87.15,0,0,203,89.49,2845,0,170,110.53,17801,0,208,85.62,4206,0,203,91.29,1219,0,207,92.49,1949,0,,,,,144,75.07,0,0,151,102.54,79,0,,,,,213,105.13,15534,0
180,55.51,0,0,155,102.06,13404,0,183,99.44,7526,0,259,81.05,49,0,,,,,184,88.03,0,0,204,92.34,2847,0,171,101.06,17944,0,209,91.14,4214,0,204,93.56,1224,0,209,88.28,1984,0,,,,,145,75.07,0,0,152,102.29,88,0,,,,,214,102.59,15631,0
181,59.06,0,0,156,104.54,13506,0,186,105.62,7709,0,260,80.39,49,0,,,,,185,89.09,0,0,205,90.04,2866,0,172,108.24,18065,0,211,89.25,4227,0,205,92.39,1235,0,210,88.13,1984,0,,,,,146,76.2,0,0,153,101.26,96,0,,,,,215,101.36,15728,0
186,54.08,0,0,157,104.11,13607,0,188,102.52,7783,0,261,80.58,49,0,,,,,187,89.34,0,0,209,90.54,3107,0,173,105.27,18198,0,212,94.22,4234,0,206,95.45,1238,0,211,93.03,1997,0,,,,,147,75.57,0,0,154,102.15,104,0,,,,,217,105.62,15834,0
188,57.16,0,0,158,105.37,13709,0,189,100.09,7877,0,262,84.41,49,0,,,,,188,87.08,0,0,210,92.34,3137,0,175,108.3,18330,0,213,92.49,4252,0,207,93.21,1270,0,212,94.59,1998,0,,,,,148,74.42,0,0,155,101.39,113,0,,,,,218,103.3,15933,0
189,57.34,0,0,159,104.55,13813,0,191,98.5,7963,0,263,86.46,49,0,,,,,190,87.15,0,0,212,92.54,3196,0,176,104.52,18454,0,214,94.06,4278,0,209,93.31,1330,0,213,92.49,2002,0,,,,,149,75.31,0,0,157,104.14,162,0,,,,,220,101.36,16076,0
190,57.39,0,0,160,104.55,13913,0,192,100.42,8100,0,266,81.0,49,0,,,,,191,88.29,0,0,213,91.48,3198,0,177,100.02,18586,0,215,91.08,4285,0,210,92.46,1398,0,214,91.14,2006,0,,,,,150,76.41,0,0,158,100.57,168,0,,,,,221,105.63,16253,0
191,56.01,0,0,161,107.39,14015,0,194,102.47,8204,0,267,82.19,49,0,,,,,192,86.26,0,0,216,92.59,3387,0,178,105.41,18716,0,216,91.07,4285,0,211,90.54,1406,0,216,92.49,2032,0,,,,,151,76.48,0,0,159,100.46,180,0,,,,,223,100.42,16361,0
194,57.03,0,0,162,104.55,14118,0,196,101.07,8331,0,268,83.32,49,0,,,,,193,87.15,0,0,217,91.28,3387,0,179,99.18,18845,0,217,93.26,4301,0,212,86.39,1406,0,217,91.07,2035,0,,,,,152,76.41,0,0,160,100.53,191,0,,,,,224,100.46,16483,0
195,57.16,0,0,163,98.55,14225,0,197,102.13,8400,0,269,81.17,49,0,,,,,195,87.56,0,0,220,90.25,3590,0,180,103.39,18968,0,219,89.25,4349,0,215,89.15,1407,0,219,94.13,2135,0,,,,,153,75.27,0,0,161,101.18,201,0,,,,,226,108.07,16632,0
196,56.47,0,0,164,104.54,14326,0,198,100.46,8479,0,275,82.39,49,0,,,,,196,87.57,0,0,223,91.52,3747,0,181,102.55,19087,0,220,90.26,4350,0,217,91.23,1418,0,220,92.08,2137,0,,,,,154,75.57,0,0,162,102.22,210,0,,,,,227,106.2,16733,0
197,56.01,0,0,165,97.34,14431,0,199,99.58,8565,0,276,80.09,49,0,,,,,197,87.57,0,0,224,96.04,3798,0,183,99.49,19222,0,222,86.49,4360,0,218,95.32,1423,0,222,86.53,2182,0,,,,,155,75.57,0,0,163,100.57,220,0,,,,,228,104.54,16904,0
199,58.17,0,0,166,97.57,14534,0,200,104.54,8620,0,279,80.07,49,0,,,,,198,88.03,0,0,227,89.45,3801,0,184,100.18,19337,0,224,92.44,4368,0,219,95.27,1475,0,223,90.49,2192,0,,,,,156,75.3,0,0,164,101.13,235,0,,,,,230,100.38,17025,0
200,55.39,0,0,167,105.39,14638,0,201,103.08,8701,0,280,82.45,49,0,,,,,200,87.41,0,0,228,91.23,3801,0,185,106.51,19469,0,225,89.13,4369,0,221,92.46,1483,0,224,91.07,2196,0,,,,,157,76.48,0,0,165,101.01,251,0,,,,,232,102.21,17202,0
203,55.36,0,0,168,103.17,14742,0,203,100.38,8781,0,281,82.63,49,0,,,,,203,87.56,0,0,229,95.45,3809,0,186,108.3,19599,0,226,92.46,4372,0,222,90.59,1483,0,225,87.13,2196,0,,,,,158,75.31,0,0,166,103.15,266,0,,,,,234,104.08,17378,0
205,57.1,0,0,169,98.28,14850,0,204,102.58,8912,0,284,81.42,49,0,,,,,204,89.56,0,0,230,90.47,3809,0,191,106.06,20062,0,230,92.46,4679,0,223,93.05,1522,0,227,87.52,2196,0,,,,,159,76.19,0,0,167,100.35,280,0,,,,,235,105.11,17515,0
206,58.07,0,0,170,97.19,14953,0,206,104.63,9016,0,287,80.29,49,0,,,,,205,90.32,0,0,231,87.62,3809,0,195,104.0,20562,0,231,94.14,4700,0,224,89.27,1525,0,230,93.49,2302,0,,,,,160,75.04,0,0,168,100.56,296,0,,,,,237,100.55,17680,0
207,59.21,0,0,171,103.17,15057,0,207,103.12,9133,0,288,84.19,49,0,,,,,207,90.01,0,0,232,89.5,3810,0,196,101.4,20705,0,232,94.15,4754,0,225,91.06,1526,0,233,84.45,2302,0,,,,,161,76.25,0,0,169,101.12,313,0,,,,,239,101.33,17862,0
211,57.14,0,0,172,102.5,15161,0,209,103.13,9258,0,290,83.32,49,0,,,,,208,88.51,0,0,233,90.48,3810,0,197,109.39,20818,0,234,91.4,4759,0,227,92.07,1570,0,234,88.12,2309,0,,,,,162,77.5,0,0,170,101.18,327,0,,,,,240,105.39,17982,0
213,59.27,0,0,173,102.5,15262,0,210,103.2,9356,0,292,80.1,49,0,,,,,209,88.24,0,0,235,87.27,3810,0,198,104.17,20948,0,235,90.3,4761,0,228,95.27,1576,0,235,87.51,2309,0,,,,,163,78.62,0,0,171,100.53,340,0,,,,,242,105.13,18138,0
214,58.12,0,0,174,93.41,15366,0,212,99.23,9473,0,293,79.51,49,0,,,,,210,90.28,0,0,237,93.25,3813,0,199,103.13,21081,0,236,92.43,4765,0,233,87.11,1678,0,238,90.31,2332,0,,,,,164,77.63,0,0,172,101.12,356,0,,,,,243,104.06,18242,0
215,57.53,0,0,175,93.15,15476,0,213,104.29,9554,0,295,82.12,49,0,,,,,211,88.11,0,0,240,87.41,3813,0,200,102.34,21210,0,239,90.2,4767,0,235,90.27,1678,0,240,94.41,2383,0,,,,,165,77.5,0,0,174,101.03,375,0,,,,,244,101.29,18345,0
217,57.5,0,0,176,106.17,15578,0,215,104.08,9675,0,296,81.54,49,0,,,,,213,86.52,0,0,242,90.61,3813,0,202,106.27,21339,0,240,89.03,4773,0,236,94.51,1683,0,242,95.02,2417,0,,,,,166,77.29,0,0,175,101.13,390,0,,,,,246,104.06,18503,0
218,59.59,0,0,178,93.39,15683,0,217,105.52,9792,0,,,,,,,,,214,87.57,0,0,243,90.45,3815,0,203,100.51,21466,0,241,95.46,4776,0,237,93.09,1684,0,243,86.34,2458,0,,,,,167,77.5,0,0,176,103.0,405,0,,,,,247,106.02,18616,0
219,58.32,0,0,179,105.57,15790,0,218,103.02,9861,0,,,,,,,,,215,89.05,0,0,244,92.53,3816,0,204,107.46,21583,0,243,91.46,4788,0,238,92.46,1687,0,244,88.48,2458,0,,,,,168,76.19,0,0,177,100.58,422,0,,,,,248,105.2,18731,0
220,60.02,0,0,180,97.57,15894,0,219,100.18,9982,0,,,,,,,,,217,89.24,0,0,246,88.5,3816,0,205,99.54,21695,0,245,88.0,4801,0,239,93.55,1690,0,247,84.51,2465,0,,,,,169,77.24,0,0,178,101.37,439,0,,,,,253,106.63,19109,0
221,59.37,0,0,181,103.07,15997,0,220,104.16,10060,0,,,,,,,,,218,88.4,0,0,247,89.23,3819,0,206,106.37,21831,0,246,94.6,4810,0,240,90.21,1692,0,248,90.29,2483,0,,,,,170,77.3,0,0,179,101.33,458,0,,,,,254,105.29,19247,0
223,58.24,0,0,182,102.28,16104,0,222,101.08,10153,0,,,,,,,,,219,87.27,0,0,248,89.49,3819,0,207,104.26,21964,0,247,87.18,4810,0,241,91.13,1697,0,249,92.13,2489,0,,,,,171,77.29,0,0,180,101.33,478,0,,,,,256,101.61,19458,0
224,57.59,0,0,183,106.17,16207,0,223,99.36,10259,0,,,,,,,,,221,91.32,0,0,249,91.48,3823,0,209,105.54,22113,0,248,93.02,4839,0,243,93.55,1697,0,251,91.46,2513,0,,,,,172,77.3,0,0,181,103.1,496,0,,,,,257,104.27,19566,0
225,60.53,0,0,184,92.42,16315,0,225,106.61,10352,0,,,,,,,,,222,88.46,0,0,251,90.26,3829,0,210,105.16,22246,0,252,94.32,5020,0,244,88.01,1697,0,252,90.38,2521,0,,,,,173,77.59,0,0,182,101.6,515,0,,,,,259,101.36,19710,0
228,58.17,0,0,185,105.14,16419,0,226,104.31,10442,0,,,,,,,,,223,90.28,0,0,252,89.12,3829,0,211,101.37,22376,0,254,85.04,5035,0,247,87.15,1711,0,254,92.46,2583,0,,,,,174,77.11,0,0,183,101.18,536,0,,,,,260,104.35,19815,0
229,58.32,0,0,186,93.36,16522,0,227,100.46,10547,0,,,,,,,,,224,89.55,0,0,254,93.5,3897,0,212,100.02,22511,0,255,95.47,5058,0,249,93.05,1716,0,255,89.2,2590,0,,,,,175,77.3,0,0,184,101.37,555,0,,,,,262,106.56,19974,0
230,59.13,0,0,187,93.42,16625,0,229,100.31,10654,0,,,,,,,,,226,89.05,0,0,255,89.12,3897,0,213,106.43,22638,0,256,92.33,5063,0,250,90.58,1716,0,257,86.18,2591,0,,,,,176,78.41,0,0,188,100.35,617,0,,,,,263,103.39,20147,0
232,58.12,0,0,188,105.37,16729,0,231,99.62,10820,0,,,,,,,,,227,90.22,0,0,257,89.46,3905,0,214,109.12,22764,0,257,94.48,5066,0,251,92.25,1719,0,258,90.2,2599,0,,,,,177,71.13,0,0,189,103.06,634,0,,,,,264,104.29,20241,0
233,58.28,0,0,189,109.02,16835,0,232,104.5,10908,0,,,,,,,,,228,89.05,0,0,258,90.26,3908,0,216,107.63,22907,0,259,91.56,5069,0,252,91.53,1720,0,259,92.35,2605,0,,,,,178,77.2,0,0,190,102.36,659,0,,,,,266,102.01,20410,0
234,65.61,0,0,190,108.43,16941,0,233,105.44,11018,0,,,,,,,,,229,88.15,0,0,259,90.61,3909,0,217,103.49,23054,0,261,91.46,5077,0,253,92.04,1733,0,260,89.44,2606,0,,,,,179,77.07,0,0,191,102.57,680,0,,,,,268,105.07,20572,0
235,60.37,0,0,191,106.17,17047,0,234,101.0,11085,0,,,,,,,,,230,90.28,0,0,260,92.08,3910,0,218,107.02,23176,0,262,89.59,5084,0,255,88.06,1736,0,261,90.13,2615,0,,,,,180,77.5,0,0,193,102.47,705,0,,,,,269,102.59,20666,0
236,58.24,0,0,192,95.16,17159,0,236,106.28,11189,0,,,,,,,,,232,89.39,0,0,262,89.37,3910,0,219,105.41,23313,0,263,92.43,5097,0,256,88.19,1737,0,266,86.1,2617,0,,,,,181,79.34,0,0,194,102.3,728,0,,,,,270,105.39,20826,0
237,59.48,0,0,193,103.42,17268,0,238,105.39,11357,0,,,,,,,,,233,89.39,0,0,263,87.4,3910,0,220,107.06,23444,0,265,87.43,5100,0,258,92.18,1743,0,267,83.13,2619,0,,,,,183,71.13,0,0,195,100.53,755,0,,,,,272,104.63,20976,0
239,58.13,0,0,194,104.29,17378,0,240,100.09,11492,0,,,,,,,,,235,91.08,0,0,264,89.23,3911,0,222,108.49,23568,0,266,94.49,5101,0,259,91.61,1751,0,268,92.34,2630,0,,,,,184,78.13,0,0,196,102.3,782,0,,,,,274,101.32,21149,0
240,60.25,0,0,195,106.01,17487,0,241,106.51,11572,0,,,,,,,,,236,90.01,0,0,265,89.36,3911,0,223,109.1,23695,0,267,90.45,5120,0,260,93.15,1752,0,269,88.0,2631,0,,,,,185,77.57,0,0,197,104.22,807,0,,,,,275,105.47,21276,0
241,60.21,0,0,196,103.42,17592,0,242,99.53,11654,0,,,,,,,,,237,88.24,0,0,268,87.52,3911,0,224,102.26,23821,0,268,91.56,5126,0,261,92.6,1765,0,271,91.28,2637,0,,,,,186,77.27,0,0,198,101.6,837,0,,,,,276,105.47,21380,0
242,58.38,0,0,197,107.13,17698,0,243,100.38,11740,0,,,,,,,,,238,89.61,0,0,269,90.21,3911,0,226,100.54,24050,0,269,87.02,5130,0,263,90.2,1807,0,273,92.3,2639,0,,,,,188,78.17,0,0,199,101.31,868,0,,,,,278,105.05,21539,0
243,59.63,0,0,198,104.04,17802,0,245,101.0,11875,0,,,,,,,,,239,88.34,0,0,270,89.21,3911,0,227,105.16,24184,0,271,87.41,5147,0,267,85.25,1815,0,274,90.09,2654,0,,,,,189,77.45,0,0,200,101.25,895,0,,,,,279,104.62,21687,0
244,59.4,0,0,199,98.22,17908,0,249,102.21,12094,0,,,,,,,,,241,89.34,0,0,271,96.54,3969,0,228,101.03,24311,0,272,90.59,5149,0,268,93.3,1835,0,275,93.18,2657,0,,,,,190,77.45,0,0,201,104.14,925,0,,,,,281,105.39,21862,0
245,59.58,0,0,200,105.57,18014,0,250,101.03,12177,0,,,,,,,,,242,88.08,0,0,272,90.03,3969,0,229,106.02,24437,0,273,93.18,5157,0,270,92.54,1923,0,277,95.4,2673,0,,,,,191,78.38,0,0,202,104.08,956,0,,,,,283,103.49,22029,0
248,57.55,0,0,201,105.57,18125,0,251,100.42,12253,0,,,,,,,,,245,87.56,0,0,274,92.4,3973,0,230,106.27,24556,0,275,91.46,5157,0,271,91.07,1923,0,278,90.07,2682,0,,,,,192,77.2,0,0,203,101.12,982,0,,,,,284,105.39,22156,0
249,58.54,0,0,203,104.29,18235,0,253,105.06,12392,0,,,,,,,,,246,88.19,0,0,275,92.08,3974,0,232,107.02,24680,0,276,90.46,5159,0,272,94.01,1930,0,279,88.6,2698,0,,,,,193,79.08,0,0,204,103.1,1011,0,,,,,286,105.16,22282,0
251,60.16,0,0,204,94.31,18345,0,254,105.13,12482,0,,,,,,,,,247,88.55,0,0,276,92.33,4006,0,233,105.41,24804,0,277,90.59,5177,0,273,93.05,1931,0,280,94.12,2699,0,,,,,194,78.6,0,0,205,103.15,1040,0,,,,,288,101.29,22484,0
252,61.42,0,0,205,106.01,18456,0,255,105.16,12567,0,,,,,,,,,248,89.24,0,0,278,90.35,4006,0,234,102.34,24927,0,278,87.39,5188,0,275,91.12,1933,0,281,91.19,2699,0,,,,,195,78.05,0,0,206,102.38,1069,0,,,,,289,103.32,22596,0
253,60.58,0,0,206,94.6,18562,0,256,106.31,12684,0,,,,,,,,,251,90.31,0,0,281,93.46,4268,0,235,100.09,25060,0,279,89.6,5192,0,277,95.21,2048,0,282,85.44,2701,0,,,,,196,76.41,0,0,208,100.35,1097,0,,,,,291,105.26,22850,0
254,61.05,0,0,207,107.62,18670,0,258,104.54,12781,0,,,,,,,,,252,92.2,0,0,283,87.62,4268,0,236,100.18,25201,0,281,88.37,5221,0,278,94.34,2055,0,283,95.32,2707,0,,,,,197,77.54,0,0,209,101.16,1130,0,,,,,293,106.2,22959,0
255,59.36,0,0,208,94.01,18775,0,259,100.24,12856,0,,,,,,,,,253,89.6,0,0,285,89.46,4268,0,237,108.49,25337,0,282,94.22,5283,0,279,92.23,2061,0,285,93.18,2711,0,,,,,198,78.45,0,0,210,103.15,1163,0,,,,,294,102.26,23085,0
257,59.59,0,0,209,104.29,18880,0,260,103.07,12987,0,,,,,,,,,254,90.39,0,0,286,92.08,4298,0,239,101.06,25468,0,284,91.58,5324,0,282,89.53,2065,0,286,91.56,2725,0,,,,,199,79.16,0,0,211,105.11,1196,0,,,,,295,105.1,23199,0
258,60.02,0,0,210,105.34,18991,0,261,105.36,13063,0,,,,,,,,,255,89.6,0,0,287,90.11,4299,0,240,107.13,25603,0,286,85.04,5327,0,283,87.48,2065,0,287,91.36,2726,0,,,,,200,78.19,0,0,212,102.1,1235,0,,,,,297,106.28,23392,0
259,61.52,0,0,211,94.01,19098,0,263,105.39,13184,0,,,,,,,,,256,87.57,0,0,288,93.47,4302,0,241,99.47,25743,0,287,93.58,5331,0,284,95.02,2069,0,288,89.4,2728,0,,,,,201,77.57,0,0,213,103.1,1271,0,,,,,,,,
260,65.38,0,0,212,106.26,19204,0,264,100.16,13291,0,,,,,,,,,258,88.34,0,0,289,93.54,4310,0,242,100.41,25873,0,288,93.26,5333,0,285,88.53,2069,0,289,92.17,2732,0,,,,,202,78.38,0,0,214,104.26,1304,0,,,,,,,,
262,59.1,0,0,213,108.24,19313,0,265,103.36,13395,0,,,,,,,,,259,89.39,0,0,291,91.08,4310,0,244,103.32,26022,0,289,91.08,5342,0,287,88.46,2069,0,290,88.48,2737,0,,,,,203,78.45,0,0,215,102.2,1340,0,,,,,,,,
263,60.42,0,0,214,103.17,19419,0,267,100.35,13505,0,,,,,,,,,260,89.34,0,0,292,91.5,4311,0,245,109.12,26172,0,290,93.31,5343,0,288,88.12,2069,0,291,87.42,2739,0,,,,,204,78.34,0,0,216,103.1,1375,0,,,,,,,,
264,59.33,0,0,215,107.17,19532,0,268,101.4,13577,0,,,,,,,,,261,89.05,0,0,293,89.0,4311,0,246,100.28,26310,0,292,90.01,5470,0,290,92.17,2069,0,292,94.22,2749,0,,,,,205,79.49,0,0,217,103.19,1410,0,,,,,,,,
265,62.15,0,0,216,103.31,19638,0,269,101.61,13659,0,,,,,,,,,262,90.22,0,0,295,89.11,4328,0,247,105.14,26450,0,293,93.49,5488,0,291,94.13,2071,0,293,93.07,2760,0,,,,,206,79.54,0,0,219,98.27,1510,0,,,,,,,,
266,61.34,0,0,217,105.12,19751,0,271,102.54,13785,0,,,,,,,,,263,91.11,0,0,297,93.47,4441,0,248,103.28,26571,0,295,91.32,5500,0,292,87.13,2073,0,294,93.29,2761,0,,,,,207,79.17,0,0,220,102.2,1541,0,,,,,,,,
267,62.0,0,0,218,105.15,19858,0,273,103.06,13982,0,,,,,,,,,264,89.47,0,0,298,92.59,4444,0,249,101.45,26693,0,296,87.0,5500,0,294,93.1,2102,0,,,,,,,,,208,80.18,0,0,221,101.13,1580,0,,,,,,,,
268,61.26,0,0,219,103.17,19968,0,274,105.39,14094,0,,,,,,,,,265,90.57,0,0,,,,,254,106.26,27211,0,297,91.46,5500,0,,,,,,,,,,,,,209,80.18,0,0,223,101.42,1616,0,,,,,,,,
270,59.0,0,0,220,94.6,20076,0,275,104.13,14191,0,,,,,,,,,266,89.02,0,0,,,,,255,109.4,27334,0,,,,,,,,,,,,,,,,,210,79.39,0,0,224,104.62,1653,0,,,,,,,,
271,61.15,0,0,221,104.37,20191,0,277,102.21,14281,0,,,,,,,,,268,88.46,0,0,,,,,257,108.11,27528,0,,,,,,,,,,,,,,,,,211,80.06,0,0,225,101.6,1687,0,,,,,,,,
272,62.16,0,0,222,94.01,20303,0,279,104.29,14483,0,,,,,,,,,269,89.58,0,0,,,,,258,102.34,27660,0,,,,,,,,,,,,,,,,,212,79.17,0,0,226,103.6,1724,0,,,,,,,,
273,62.36,0,0,223,103.42,20412,0,280,103.02,14590,0,,,,,,,,,270,89.01,0,0,,,,,259,103.13,27777,0,,,,,,,,,,,,,,,,,213,79.17,0,0,227,101.39,1762,0,,,,,,,,
274,61.34,0,0,224,94.31,20522,0,283,99.44,14788,0,,,,,,,,,271,90.17,0,0,,,,,260,101.06,27912,0,,,,,,,,,,,,,,,,,214,78.41,0,0,228,102.29,1799,0,,,,,,,,
276,59.4,0,0,225,106.01,20630,0,284,101.49,14871,0,,,,,,,,,272,91.45,0,0,,,,,262,104.14,28052,0,,,,,,,,,,,,,,,,,215,79.27,0,0,229,103.37,1839,0,,,,,,,,
277,58.51,0,0,226,104.04,20736,0,285,101.52,14964,0,,,,,,,,,274,89.16,0,0,,,,,263,100.5,28182,0,,,,,,,,,,,,,,,,,216,80.19,0,0,230,103.19,1880,0,,,,,,,,
278,59.34,0,0,227,107.38,20848,0,286,102.52,15065,0,,,,,,,,,275,88.16,0,0,,,,,264,100.54,28313,0,,,,,,,,,,,,,,,,,217,79.22,0,0,231,101.19,1920,0,,,,,,,,
279,60.47,0,0,229,99.19,20963,0,287,103.36,15162,0,,,,,,,,,276,89.34,0,0,,,,,265,104.14,28431,0,,,,,,,,,,,,,,,,,218,80.37,0,0,232,103.1,1961,0,,,,,,,,
281,61.52,0,0,230,94.01,21073,0,288,102.58,15251,0,,,,,,,,,277,89.13,0,0,,,,,266,105.44,28584,0,,,,,,,,,,,,,,,,,219,79.54,0,0,233,105.39,2004,0,,,,,,,,
282,61.37,0,0,231,104.03,21186,0,290,106.17,15403,0,,,,,,,,,278,89.39,0,0,,,,,268,103.41,28734,0,,,,,,,,,,,,,,,,,220,81.01,0,0,234,101.6,2048,0,,,,,,,,
283,60.22,0,0,232,106.26,21296,0,292,103.16,15514,0,,,,,,,,,280,90.13,0,0,,,,,269,99.41,28870,0,,,,,,,,,,,,,,,,,221,81.2,0,0,235,101.6,2089,0,,,,,,,,
284,60.16,0,0,233,94.6,21406,0,293,101.11,15617,0,,,,,,,,,281,91.01,0,0,,,,,270,102.1,29000,0,,,,,,,,,,,,,,,,,222,80.0,0,0,236,103.3,2132,0,,,,,,,,
285,62.02,0,0,234,99.03,21517,0,294,101.5,15732,0,,,,,,,,,283,87.1,0,0,,,,,271,106.14,29117,0,,,,,,,,,,,,,,,,,223,79.57,0,0,238,103.37,2176,0,,,,,,,,
287,60.63,0,0,235,104.04,21626,0,297,105.26,15918,0,,,,,,,,,285,89.09,0,0,,,,,272,103.03,29260,0,,,,,,,,,,,,,,,,,224,80.19,0,0,239,102.3,2218,0,,,,,,,,
288,62.02,0,0,236,109.09,21736,0,,,,,,,,,,,,,286,90.22,0,0,,,,,273,108.49,29384,0,,,,,,,,,,,,,,,,,225,79.17,0,0,240,103.37,2264,0,,,,,,,,
289,60.37,0,0,237,107.39,21844,0,,,,,,,,,,,,,287,89.6,0,0,,,,,275,109.35,29506,0,,,,,,,,,,,,,,,,,226,80.46,0,0,241,102.23,2307,0,,,,,,,,
290,63.45,0,0,238,103.18,21955,0,,,,,,,,,,,,,288,90.4,0,0,,,,,276,102.31,29648,0,,,,,,,,,,,,,,,,,227,80.39,0,0,242,103.23,2348,0,,,,,,,,
291,62.26,0,0,239,109.09,22064,0,,,,,,,,,,,,,289,88.46,0,0,,,,,277,101.03,29789,0,,,,,,,,,,,,,,,,,228,81.28,0,0,243,103.19,2391,0,,,,,,,,
292,61.01,0,0,240,106.17,22177,0,,,,,,,,,,,,,290,88.24,0,0,,,,,278,104.51,29919,0,,,,,,,,,,,,,,,,,229,80.46,0,0,244,103.48,2432,0,,,,,,,,
293,60.37,0,0,241,104.29,22290,0,,,,,,,,,,,,,291,89.61,0,0,,,,,279,103.24,30052,0,,,,,,,,,,,,,,,,,231,81.54,0,0,245,102.51,2476,0,,,,,,,,
294,61.26,0,0,242,106.38,22402,0,,,,,,,,,,,,,292,89.6,0,0,,,,,280,106.51,30168,0,,,,,,,,,,,,,,,,,232,81.34,0,0,246,101.13,2522,0,,,,,,,,
295,63.61,0,0,243,98.57,22511,0,,,,,,,,,,,,,294,91.1,0,0,,,,,282,109.35,30323,0,,,,,,,,,,,,,,,,,233,81.08,0,0,247,102.38,2572,0,,,,,,,,
296,62.62,0,0,244,94.31,22622,0,,,,,,,,,,,,,295,91.45,0,0,,,,,283,102.63,30462,0,,,,,,,,,,,,,,,,,234,80.58,0,0,251,101.13,2673,0,,,,,,,,
,,,,245,106.4,22738,0,,,,,,,,,,,,,296,93.33,1,0,,,,,284,104.22,30594,0,,,,,,,,,,,,,,,,,235,80.27,0,0,252,103.05,2714,0,,,,,,,,
,,,,246,104.29,22847,0,,,,,,,,,,,,,,,,,,,,,285,107.63,30729,0,,,,,,,,,,,,,,,,,236,81.47,0,0,253,102.02,2758,0,,,,,,,,
,,,,247,105.57,22964,0,,,,,,,,,,,,,,,,,,,,,286,106.09,30855,0,,,,,,,,,,,,,,,,,237,80.22,0,0,254,99.27,2805,0,,,,,,,,
,,,,248,106.38,23075,0,,,,,,,,,,,,,,,,,,,,,289,100.5,31111,0,,,,,,,,,,,,,,,,,238,80.18,0,0,255,104.03,2849,0,,,,,,,,
,,,,249,99.16,23184,0,,,,,,,,,,,,,,,,,,,,,290,104.22,31252,0,,,,,,,,,,,,,,,,,239,80.06,0,0,256,103.48,2896,0,,,,,,,,
,,,,250,103.42,23297,0,,,,,,,,,,,,,,,,,,,,,291,105.08,31381,0,,,,,,,,,,,,,,,,,240,80.26,0,0,257,103.47,2943,0,,,,,,,,
,,,,251,109.0,23411,0,,,,,,,,,,,,,,,,,,,,,292,104.22,31526,0,,,,,,,,,,,,,,,,,241,80.27,0,0,258,104.08,2989,0,,,,,,,,
,,,,253,109.11,23523,0,,,,,,,,,,,,,,,,,,,,,294,100.51,31681,0,,,,,,,,,,,,,,,,,242,79.63,0,0,259,101.24,3039,0,,,,,,,,
,,,,254,95.54,23637,0,,,,,,,,,,,,,,,,,,,,,295,109.37,31834,0,,,,,,,,,,,,,,,,,243,80.06,0,0,260,104.08,3088,0,,,,,,,,
,,,,255,109.46,23747,0,,,,,,,,,,,,,,,,,,,,,,,,,,,,,,,,,,,,,,,,,245,73.63,0,0,262,104.18,3137,0,,,,,,,,
,,,,256,108.24,23857,0,,,,,,,,,,,,,,,,,,,,,,,,,,,,,,,,,,,,,,,,,246,79.49,0,0,263,100.54,3189,0,,,,,,,,
,,,,257,108.24,23967,0,,,,,,,,,,,,,,,,,,,,,,,,,,,,,,,,,,,,,,,,,247,80.47,0,0,264,103.46,3235,0,,,,,,,,
,,,,258,106.56,24079,0,,,,,,,,,,,,,,,,,,,,,,,,,,,,,,,,,,,,,,,,,248,80.42,0,0,265,105.17,3284,0,,,,,,,,
,,,,259,94.36,24192,0,,,,,,,,,,,,,,,,,,,,,,,,,,,,,,,,,,,,,,,,,249,81.31,0,0,266,101.0,3332,0,,,,,,,,
,,,,260,109.46,24306,0,,,,,,,,,,,,,,,,,,,,,,,,,,,,,,,,,,,,,,,,,250,80.19,0,0,267,105.11,3380,0,,,,,,,,
,,,,261,95.54,24416,0,,,,,,,,,,,,,,,,,,,,,,,,,,,,,,,,,,,,,,,,,251,82.16,0,0,268,104.32,3426,0,,,,,,,,
,,,,262,104.29,24529,0,,,,,,,,,,,,,,,,,,,,,,,,,,,,,,,,,,,,,,,,,252,81.61,0,0,269,103.37,3477,0,,,,,,,,
,,,,263,104.29,24645,0,,,,,,,,,,,,,,,,,,,,,,,,,,,,,,,,,,,,,,,,,253,82.08,0,0,270,103.19,3529,0,,,,,,,,
,,,,264,99.57,24761,0,,,,,,,,,,,,,,,,,,,,,,,,,,,,,,,,,,,,,,,,,254,82.41,0,0,271,103.47,3580,0,,,,,,,,
,,,,265,103.54,24878,0,,,,,,,,,,,,,,,,,,,,,,,,,,,,,,,,,,,,,,,,,255,82.51,0,0,272,104.0,3629,0,,,,,,,,
,,,,266,105.15,24993,0,,,,,,,,,,,,,,,,,,,,,,,,,,,,,,,,,,,,,,,,,256,80.58,0,0,273,101.6,3681,0,,,,,,,,
,,,,267,108.49,25105,0,,,,,,,,,,,,,,,,,,,,,,,,,,,,,,,,,,,,,,,,,257,82.36,0,0,274,103.46,3731,0,,,,,,,,
,,,,268,108.19,25217,0,,,,,,,,,,,,,,,,,,,,,,,,,,,,,,,,,,,,,,,,,258,82.51,0,0,275,103.37,3785,0,,,,,,,,
,,,,269,105.14,25329,0,,,,,,,,,,,,,,,,,,,,,,,,,,,,,,,,,,,,,,,,,259,81.54,0,0,276,101.6,3837,0,,,,,,,,
,,,,270,109.09,25440,0,,,,,,,,,,,,,,,,,,,,,,,,,,,,,,,,,,,,,,,,,260,81.28,0,0,277,101.6,3889,0,,,,,,,,
,,,,271,105.15,25552,0,,,,,,,,,,,,,,,,,,,,,,,,,,,,,,,,,,,,,,,,,261,82.25,0,0,278,103.32,3947,0,,,,,,,,
,,,,272,109.0,25663,0,,,,,,,,,,,,,,,,,,,,,,,,,,,,,,,,,,,,,,,,,262,81.62,0,0,279,102.44,4001,0,,,,,,,,
,,,,273,104.28,25774,0,,,,,,,,,,,,,,,,,,,,,,,,,,,,,,,,,,,,,,,,,263,83.05,0,0,281,101.6,4053,0,,,,,,,,
,,,,274,105.15,25888,0,,,,,,,,,,,,,,,,,,,,,,,,,,,,,,,,,,,,,,,,,264,83.28,0,0,282,101.39,4158,0,,,,,,,,
,,,,275,104.34,25999,0,,,,,,,,,,,,,,,,,,,,,,,,,,,,,,,,,,,,,,,,,265,82.43,0,0,283,101.6,4211,0,,,,,,,,
,,,,276,104.33,26116,0,,,,,,,,,,,,,,,,,,,,,,,,,,,,,,,,,,,,,,,,,266,83.33,0,0,284,102.47,4261,0,,,,,,,,
,,,,277,95.42,26228,0,,,,,,,,,,,,,,,,,,,,,,,,,,,,,,,,,,,,,,,,,267,82.03,0,0,285,101.6,4315,0,,,,,,,,
,,,,278,107.38,26341,0,,,,,,,,,,,,,,,,,,,,,,,,,,,,,,,,,,,,,,,,,268,82.16,0,0,286,101.46,4367,0,,,,,,,,
,,,,279,109.43,26456,0,,,,,,,,,,,,,,,,,,,,,,,,,,,,,,,,,,,,,,,,,269,81.54,0,0,287,102.49,4422,0,,,,,,,,
,,,,280,106.26,26579,0,,,,,,,,,,,,,,,,,,,,,,,,,,,,,,,,,,,,,,,,,270,83.19,0,0,288,102.02,4475,0,,,,,,,,
,,,,281,105.34,26693,0,,,,,,,,,,,,,,,,,,,,,,,,,,,,,,,,,,,,,,,,,271,83.19,0,0,289,103.06,4528,0,,,,,,,,
,,,,283,94.63,26808,0,,,,,,,,,,,,,,,,,,,,,,,,,,,,,,,,,,,,,,,,,272,82.5,0,0,290,101.6,4584,0,,,,,,,,
,,,,284,107.13,26921,0,,,,,,,,,,,,,,,,,,,,,,,,,,,,,,,,,,,,,,,,,273,84.07,0,0,292,101.33,4636,0,,,,,,,,
,,,,285,106.58,27033,0,,,,,,,,,,,,,,,,,,,,,,,,,,,,,,,,,,,,,,,,,274,83.54,0,0,293,103.37,4689,0,,,,,,,,
,,,,286,95.38,27146,0,,,,,,,,,,,,,,,,,,,,,,,,,,,,,,,,,,,,,,,,,275,81.31,0,0,294,104.32,4748,0,,,,,,,,
,,,,287,104.33,27258,0,,,,,,,,,,,,,,,,,,,,,,,,,,,,,,,,,,,,,,,,,276,83.02,0,0,295,105.19,4806,0,,,,,,,,
,,,,288,107.62,27376,0,,,,,,,,,,,,,,,,,,,,,,,,,,,,,,,,,,,,,,,,,277,83.31,0,0,296,103.6,4862,0,,,,,,,,
,,,,289,105.4,27488,0,,,,,,,,,,,,,,,,,,,,,,,,,,,,,,,,,,,,,,,,,278,83.14,0,0,,,,,,,,,,,,
,,,,290,94.63,27604,0,,,,,,,,,,,,,,,,,,,,,,,,,,,,,,,,,,,,,,,,,279,82.27,0,0,,,,,,,,,,,,
,,,,291,107.19,27718,0,,,,,,,,,,,,,,,,,,,,,,,,,,,,,,,,,,,,,,,,,280,82.5,0,0,,,,,,,,,,,,
,,,,292,96.19,27836,0,,,,,,,,,,,,,,,,,,,,,,,,,,,,,,,,,,,,,,,,,281,83.19,0,0,,,,,,,,,,,,
,,,,293,105.14,27949,0,,,,,,,,,,,,,,,,,,,,,,,,,,,,,,,,,,,,,,,,,282,83.05,0,0,,,,,,,,,,,,
,,,,294,106.61,28061,0,,,,,,,,,,,,,,,,,,,,,,,,,,,,,,,,,,,,,,,,,283,81.63,0,0,,,,,,,,,,,,
,,,,295,104.32,28177,0,,,,,,,,,,,,,,,,,,,,,,,,,,,,,,,,,,,,,,,,,284,81.01,0,0,,,,,,,,,,,,
,,,,296,95.42,28289,0,,,,,,,,,,,,,,,,,,,,,,,,,,,,,,,,,,,,,,,,,285,83.1,0,0,,,,,,,,,,,,
,,,,297,108.02,28405,0,,,,,,,,,,,,,,,,,,,,,,,,,,,,,,,,,,,,,,,,,286,83.05,0,0,,,,,,,,,,,,
,,,,298,105.4,28525,0,,,,,,,,,,,,,,,,,,,,,,,,,,,,,,,,,,,,,,,,,288,81.62,0,0,,,,,,,,,,,,
,,,,,,,,,,,,,,,,,,,,,,,,,,,,,,,,,,,,,,,,,,,,,,,,289,82.5,0,0,,,,,,,,,,,,
,,,,,,,,,,,,,,,,,,,,,,,,,,,,,,,,,,,,,,,,,,,,,,,,290,82.62,0,0,,,,,,,,,,,,
,,,,,,,,,,,,,,,,,,,,,,,,,,,,,,,,,,,,,,,,,,,,,,,,291,82.03,0,0,,,,,,,,,,,,
,,,,,,,,,,,,,,,,,,,,,,,,,,,,,,,,,,,,,,,,,,,,,,,,292,82.27,0,0,,,,,,,,,,,,
,,,,,,,,,,,,,,,,,,,,,,,,,,,,,,,,,,,,,,,,,,,,,,,,293,82.43,0,0,,,,,,,,,,,,
,,,,,,,,,,,,,,,,,,,,,,,,,,,,,,,,,,,,,,,,,,,,,,,,294,82.5,0,0,,,,,,,,,,,,
,,,,,,,,,,,,,,,,,,,,,,,,,,,,,,,,,,,,,,,,,,,,,,,,295,82.36,0,0,,,,,,,,,,,,
,,,,,,,,,,,,,,,,,,,,,,,,,,,,,,,,,,,,,,,,,,,,,,,,296,83.57,0,0,,,,,,,,,,,,
,,,,,,,,,,,,,,,,,,,,,,,,,,,,,,,,,,,,,,,,,,,,,,,,297,84.13,0,0,,,,,,,,,,,,
