{
  "images" : [
    {
      "size" : "16x16",
      "idiom" : "mac",
      "scale" : "1x",
      "filename" : "icon_16x16.png"
    },
    {
	  "size" : "16x16",    
      "idiom" : "mac",
      "scale" : "2x",
      "filename" : "icon_32x32.png"
    },
    {
      "size" : "32x32",
      "idiom" : "mac",
      "scale" : "1x",
      "filename" : "icon_32x32.png"
    },
    {
      "size" : "32x32",
      "idiom" : "mac",
      "scale" : "2x",
      "filename" : "icon_64x64.png"
    },
    {
      "size" : "128x128",    
      "idiom" : "mac",
      "scale" : "1x",
      "filename" : "icon_128x128.png"
    },
    {
      "size" : "128x128",        
      "idiom" : "mac",
      "scale" : "2x",
      "filename" : "icon_256x256.png"
    },
    {
      "size" : "256x256",        
      "idiom" : "mac",
      "scale" : "1x",
      "filename" : "icon_256x256.png"
    },
    {
      "size" : "256x256",            
      "idiom" : "mac",
      "scale" : "2x",
      "filename" : "icon_512x512.png"
    },
    {
      "size" : "512x512",            
      "idiom" : "mac",
      "scale" : "1x",
      "filename" : "icon_512x512.png"
    },
    {
      "size" : "512x512",                
      "idiom" : "mac",
      "scale" : "2x",
      "filename" : "icon_1024x1024.png"
    },
  ],
  "info" : {
    "version" : 1,
    "author" : "xcode"
  }
}