{
  "SelectedFixture" : 1,
  "Fixture List" : [
    [
      {
        "slot" : "1",
        "MLB" : [
          "/tmp/dev/DUT10",
          "115200"
        ],
        "MCU" : [
          "usbserial-MCU10",
          "115200"
        ],
        "DCSD" : {
          "Macmini7,1" : [ "0x14710000" ],
          "Macmini6,2" : [ "0x1a131000" ],
          "Macmini6,1" : [ "0x1a131000" ],
          "Macmini8,1" : [ "0x14310000" ],
        }
      },
      {
        "slot" : "2",
        "MLB" : [
          "/tmp/dev/DUT11",
          "115200"
        ],
        "MCU" : [
          "usbserial-MCU11",
          "115200"
        ],
        "DCSD" : {
          "Macmini7,1" : [ "0x14720000" ],
          "Macmini6,2" : [ "0x1a132000" ],
          "Macmini6,1" : [ "0x1a132000" ],
          "Macmini8,1" : [ "0x14320000" ],
        }
      },
      {
        "slot" : "3",
        "MLB" : [
          "/tmp/dev/DUT12",
          "115200"
        ],
        "MCU" : [
          "usbserial-MCU12",
          "115200"
        ],
        "DCSD" : {
          "Macmini7,1" : [ "0x14730000" ],
          "Macmini6,2" : [ "0x1a133000" ],
          "Macmini6,1" : [ "0x1a133000" ],
          "Macmini8,1" : [ "0x14330000" ],
        }
      },
      {
        "slot" : "4",
        "MLB" : [
          "/tmp/dev/DUT13",
          "115200"
        ],
        "MCU" : [
          "usbserial-MCU13",
          "115200"
        ],
        "DCSD" : {
          "Macmini7,1" : [ "0x14740000" ],
          "Macmini6,2" : [ "0x1a134000" ],
          "Macmini6,1" : [ "0x1a134000" ],
          "Macmini8,1" : [ "0x14340000" ],
        }
      }
    ]
  ]
}
